Location,Price,Photo,Description
"The Fairmont Palm Residences, Dubai","AED 23,500,000",https://d7i54qaggkyj3.cloudfront.net/thumb/property/JPEG/Sn9jzG0WQ.jpeg,"room: 5, bathroom: 4, square: 11378"
"Palm Jumeirah, Dubai","AED 20,000,000",https://d7i54qaggkyj3.cloudfront.net/thumb/property/JPEG/RSVrj4weM.jpeg,"room: 3, bathroom: 4, square: 7809"
"The Crescent, Dubai","AED 23,000,000",https://d7i54qaggkyj3.cloudfront.net/thumb/property/JPEG/9NRdOCmnY.jpeg,"room: 5, bathroom: 7, square: 6991"
not found,under contract,not found,"room: not found, bathroom: not found, square: not found"
"Palm Jumeirah, Dubai","AED 1,850,000",https://d7i54qaggkyj3.cloudfront.net/thumb/property/JPEG/t4NyFmpXL.jpeg,"room: 1, bathroom: 1, square: 618"
"Palm Jumeirah, Dubai","AED 3,250,000",https://d7i54qaggkyj3.cloudfront.net/thumb/property/JPEG/s-mB9WpyT.jpeg,"room: 2, bathroom: 3, square: 1550"
"Dubai Marina, Dubai","AED 4,500,000",https://d7i54qaggkyj3.cloudfront.net/thumb/property/JPEG/kbyy9ZgKT.jpeg,"room: 3, bathroom: 3, square: 1633"
"Dubai Hills, Dubai","AED 25,000,000",https://d7i54qaggkyj3.cloudfront.net/thumb/property/JPEG/zdJUQhvhu.jpeg,"room: 7, bathroom: 7, square: 13000"
"EMAAR South, Dubai","AED 1,785,888",https://d7i54qaggkyj3.cloudfront.net/thumb/property/JPEG/kFZKn-Tq6.jpeg,"room: 3, bathroom: 3, square: 4668"
"Dubai Hills, Dubai","AED 18,000,000",https://d7i54qaggkyj3.cloudfront.net/thumb/property/JPEG/9ZwM6nf82.jpeg,"room: 6, bathroom: 7, square: 13430"
"Dubai Hills, Dubai","AED 33,600,000",https://d7i54qaggkyj3.cloudfront.net/thumb/property/JPEG/B3mWNkO2o.jpeg,"room: 6, bathroom: 7, square: 13343"
"Dubai Hills, Dubai","AED 27,000,000",https://d7i54qaggkyj3.cloudfront.net/thumb/property/JPEG/zB7HhD8kg.jpeg,"room: 5, bathroom: 7, square: 11453"
"Dubai Hills, Dubai","AED 12,000,000",https://d7i54qaggkyj3.cloudfront.net/thumb/property/JPEG/d0liW5M1A.jpeg,"room: 5, bathroom: 7, square: 7104"
"DAMAC Hills (Akoya by DAMAC), Dubai","AED 12,700,000",https://d7i54qaggkyj3.cloudfront.net/thumb/property/JPEG/GnBqzAMx4.jpeg,"room: 6, bathroom: 7, square: 8200"
"Dubai Hills, Dubai","AED 1,444,888",https://d7i54qaggkyj3.cloudfront.net/thumb/property/JPEG/ZIfN2pr8Z.jpeg,"room: 1, bathroom: 1, square: 924"
"Port De La Mer, Dubai","AED 1,367,000",https://d7i54qaggkyj3.cloudfront.net/thumb/property/JPEG/BNGImZd3l.jpeg,"room: 1, bathroom: 1, square: 815"
not found,under contract,not found,"room: not found, bathroom: not found, square: not found"
"Arjan, Dubai","AED 1,003,035",https://d7i54qaggkyj3.cloudfront.net/thumb/property/JPEG/VVCV0DSK5.jpeg,"room: 2, bathroom: 2, square: 1019"
"Dubai Marina, Dubai","AED 2,250,000",https://d7i54qaggkyj3.cloudfront.net/thumb/property/JPEG/4dK93ULSJ.jpeg,"room: 1, bathroom: 2, square: 858"
"Jumeirah Village Circle, Dubai","AED 1,283,828",https://d7i54qaggkyj3.cloudfront.net/thumb/property/JPEG/yY8Mc1Fj4.jpeg,"room: 2, bathroom: 2, square: 1299"
"Emirates Hills, Dubai","AED 25,000,000",https://d7i54qaggkyj3.cloudfront.net/thumb/property/JPEG/XwUs29nmM.jpeg,"room: 5, bathroom: 4, square: 14695"
"Emaar Beachfront, Dubai","AED 5,415,888",https://d7i54qaggkyj3.cloudfront.net/thumb/property/JPEG/oUMmNKJoC.jpeg,"room: 3, bathroom: 4, square: 1914"
"Al Barsha South, Dubai","AED 1,187,719",https://d7i54qaggkyj3.cloudfront.net/thumb/property/JPEG/zHngPwHVi.jpeg,"room: 2, bathroom: 2, square: 1141"
not found,under contract,not found,"room: not found, bathroom: not found, square: not found"
"Belgravia, Dubai","AED 1,063,828",https://d7i54qaggkyj3.cloudfront.net/thumb/property/JPEG/wAKqCUgj4.jpeg,"room: 2, bathroom: 2, square: 1093"
"Business Bay, Dubai","AED 788,000",https://d7i54qaggkyj3.cloudfront.net/thumb/property/JPEG/UXPxcts65.jpeg,"room: 1, bathroom: 2, square: 466"
"Dubai Creek Harbour, Dubai","AED 8,901,888",https://d7i54qaggkyj3.cloudfront.net/thumb/property/JPEG/XglD3Tl4R.jpeg,"room: 4, bathroom: 5, square: 5190"
"EMAAR South, Dubai","AED 1,785,888",https://d7i54qaggkyj3.cloudfront.net/thumb/property/JPEG/kFZKn-Tq6.jpeg,"room: 3, bathroom: 3, square: 4668"
"Dubai Marina, Dubai","AED 2,140,000",https://d7i54qaggkyj3.cloudfront.net/thumb/property/JPEG/iukf_w_NJ.jpeg,"room: 1, bathroom: 2, square: 858"
"Dubai Studio City, Dubai","AED 817,000",https://d7i54qaggkyj3.cloudfront.net/thumb/property/JPEG/Ny8G_aU0B.jpeg,"room: 1, bathroom: 2, square: 653"
"Emaar Beachfront, Dubai","AED 5,008,888",https://d7i54qaggkyj3.cloudfront.net/thumb/property/JPEG/n4hAOhOJD.jpeg,"room: 3, bathroom: 4, square: 1700"
"Emaar Beachfront, Dubai","AED 3,894,888",https://d7i54qaggkyj3.cloudfront.net/thumb/property/JPEG/wppOWwJXp.jpeg,"room: 2, bathroom: 3, square: 1511"
"Tilal Al Ghaf, Dubai","AED 1,259,000",https://d7i54qaggkyj3.cloudfront.net/thumb/property/JPEG/w8KbX12EO.jpeg,"room: 3, bathroom: 4, square: 2152"
"Business Bay, Dubai","AED 14,279,000",https://d7i54qaggkyj3.cloudfront.net/thumb/property/JPEG/s5GD6G4am.jpeg,"room: 4, bathroom: 4, square: 6634"
"Dubai Creek Harbour, Dubai","AED 4,856,888",https://d7i54qaggkyj3.cloudfront.net/thumb/property/JPEG/dRxkWMbjZ.jpeg,"room: 4, bathroom: 5, square: 2289"
"Business Bay, Dubai","AED 1,312,808",https://d7i54qaggkyj3.cloudfront.net/thumb/property/JPEG/2WBuk9I0a.jpeg,"room: 1, bathroom: 2, square: 716"
"DAMAC Hills (Akoya by DAMAC), Dubai","AED 12,700,000",https://d7i54qaggkyj3.cloudfront.net/thumb/property/JPEG/GnBqzAMx4.jpeg,"room: 6, bathroom: 7, square: 8200"
"Dubai Marina, Dubai","AED 1,354,000",https://d7i54qaggkyj3.cloudfront.net/thumb/property/JPEG/cf3JuyqwV.jpeg,"room: 1, bathroom: 2, square: 821"
"The Crescent, Dubai","AED 10,000,000",https://d7i54qaggkyj3.cloudfront.net/thumb/property/JPEG/etQCo-ukL.jpeg,"room: 4, bathroom: 5, square: 5269"
"Downtown Dubai, Dubai","AED 20,697,888",https://d7i54qaggkyj3.cloudfront.net/thumb/property/JPEG/9KUxoI5cl.jpeg,"room: 4, bathroom: 5, square: 5253"
"Dubai Healthcare City, Dubai","AED 1,595,000",https://d7i54qaggkyj3.cloudfront.net/thumb/property/JPEG/ukNlLGKw6.jpeg,"room: 2, bathroom: 2, square: 1335"
"Emaar Beachfront, Dubai","AED 5,015,888",https://d7i54qaggkyj3.cloudfront.net/thumb/property/JPEG/DUUDSxRS3.jpeg,"room: 3, bathroom: 4, square: 1700"
"Dubai Hills, Dubai","AED 1,444,888",https://d7i54qaggkyj3.cloudfront.net/thumb/property/JPEG/ZIfN2pr8Z.jpeg,"room: 1, bathroom: 1, square: 924"
"Business Bay, Dubai","AED 2,057,888",https://d7i54qaggkyj3.cloudfront.net/thumb/property/JPEG/k4zcpySr-.jpeg,"room: 1, bathroom: 2, square: 1125"
"Maritime City, Dubai","AED 4,112,000",https://d7i54qaggkyj3.cloudfront.net/thumb/property/JPEG/8Ie87BsGO.jpeg,"room: 3, bathroom: 2, square: 1931"
"Palm Jumeirah, Dubai","AED 20,000,000",https://d7i54qaggkyj3.cloudfront.net/thumb/property/JPEG/RSVrj4weM.jpeg,"room: 3, bathroom: 4, square: 7809"
"Downtown Dubai, Dubai","AED 6,032,888",https://d7i54qaggkyj3.cloudfront.net/thumb/property/JPEG/rvaXRxxk5.jpeg,"room: 3, bathroom: 3, square: 2529"
"Emaar Beachfront, Dubai","AED 3,823,888",https://d7i54qaggkyj3.cloudfront.net/thumb/property/JPEG/di5s8MxeI.jpeg,"room: 2, bathroom: 3, square: 1616"
"Arabian Ranches 3, Dubai","AED 2,400,888",https://d7i54qaggkyj3.cloudfront.net/thumb/property/JPEG/D2eqNvTms.jpeg,"room: 4, bathroom: 5, square: 2404"
"Arabian Ranches 3, Dubai","AED 2,286,888",https://d7i54qaggkyj3.cloudfront.net/thumb/property/JPEG/bi0y_d9vx.jpeg,"room: 4, bathroom: 5, square: 2655"
"Arabian Ranches 3, Dubai","AED 2,299,888",https://d7i54qaggkyj3.cloudfront.net/thumb/property/JPEG/RIipSDqQW.jpeg,"room: 4, bathroom: 5, square: 2646"
"Arabian Ranches 3, Dubai","AED 2,419,888",https://d7i54qaggkyj3.cloudfront.net/thumb/property/JPEG/LUZ4p9p1d.jpeg,"room: 4, bathroom: 5, square: 2483"
"The Crescent, Dubai","AED 5,200,000",https://d7i54qaggkyj3.cloudfront.net/thumb/property/JPEG/HPueBLbRz.jpeg,"room: 3, bathroom: 4, square: 3481"
"Emaar Beachfront, Dubai","AED 4,008,888",https://d7i54qaggkyj3.cloudfront.net/thumb/property/JPEG/XmrK2_n-p.jpeg,"room: 2, bathroom: 3, square: 1277"
"The Crescent, Dubai","AED 10,000,000",https://d7i54qaggkyj3.cloudfront.net/thumb/property/JPEG/etQCo-ukL.jpeg,"room: 4, bathroom: 5, square: 5269"
"Emaar Beachfront, Dubai","AED 5,015,888",https://d7i54qaggkyj3.cloudfront.net/thumb/property/JPEG/DUUDSxRS3.jpeg,"room: 3, bathroom: 4, square: 1700"
"Emaar Beachfront, Dubai","AED 2,009,888",https://d7i54qaggkyj3.cloudfront.net/thumb/property/JPEG/sp_CZ0fgo.jpeg,"room: 1, bathroom: 1, square: 826"
"Emaar Beachfront, Dubai","AED 3,894,888",https://d7i54qaggkyj3.cloudfront.net/thumb/property/JPEG/wppOWwJXp.jpeg,"room: 2, bathroom: 3, square: 1511"
"Emaar Beachfront, Dubai","AED 5,008,888",https://d7i54qaggkyj3.cloudfront.net/thumb/property/JPEG/n4hAOhOJD.jpeg,"room: 3, bathroom: 4, square: 1700"
"Emaar Beachfront, Dubai","AED 3,823,888",https://d7i54qaggkyj3.cloudfront.net/thumb/property/JPEG/di5s8MxeI.jpeg,"room: 2, bathroom: 3, square: 1616"
"Port De La Mer, Dubai","AED 2,306,000",https://d7i54qaggkyj3.cloudfront.net/thumb/property/JPEG/_-7SfR7sK.jpeg,"room: 2, bathroom: 3, square: 1301"
"Emaar Beachfront, Dubai","AED 4,185,888",https://d7i54qaggkyj3.cloudfront.net/thumb/property/JPEG/NxIN24hvQ.jpeg,"room: 2, bathroom: 3, square: 1438"
"Emaar Beachfront, Dubai","AED 4,071,888",https://d7i54qaggkyj3.cloudfront.net/thumb/property/JPEG/Sbcthyb2I.jpeg,"room: 2, bathroom: 3, square: 1590"
"Port De La Mer, Dubai","AED 1,271,000",https://d7i54qaggkyj3.cloudfront.net/thumb/property/JPEG/l_fI0_Ibg.jpeg,"room: 1, bathroom: 1, square: 732"
"Dubai Hills, Dubai","AED 3,322,888",https://d7i54qaggkyj3.cloudfront.net/thumb/property/JPEG/URL6tiZXV.jpeg,"room: 3, bathroom: 4, square: 2550"
"Dubai Hills, Dubai","AED 1,844,888",https://d7i54qaggkyj3.cloudfront.net/thumb/property/JPEG/w6T2gyYCr.jpeg,"room: 2, bathroom: 2, square: 1667"
"Business Bay, Dubai","AED 3,071,000",https://d7i54qaggkyj3.cloudfront.net/thumb/property/JPEG/JtzODlRdJ.jpeg,"room: 2, bathroom: 2, square: 1741"
"Arabian Ranches 3, Dubai","AED 1,794,888",https://d7i54qaggkyj3.cloudfront.net/thumb/property/JPEG/srP27qI_1.jpeg,"room: 3, bathroom: 4, square: 2044"
"Downtown Dubai, Dubai","AED 3,082,888",https://d7i54qaggkyj3.cloudfront.net/thumb/property/JPEG/Dp_AhNKLb.jpeg,"room: 1, bathroom: 2, square: 990"
"Dubai Hills, Dubai","AED 6,383,888",https://d7i54qaggkyj3.cloudfront.net/thumb/property/JPEG/c2G1Owxhy.jpeg,"room: 4, bathroom: 5, square: 5492"
"Downtown Dubai, Dubai","AED 1,900,888",https://d7i54qaggkyj3.cloudfront.net/thumb/property/JPEG/XTDCVsaLr.jpeg,"room: 1, bathroom: 2, square: 890"
"Dubai Hills, Dubai","AED 7,200,000",https://d7i54qaggkyj3.cloudfront.net/thumb/property/JPEG/BntwgG2bU.jpeg,"room: 4, bathroom: 5, square: 3361"
"Dubai Marina, Dubai","AED 1,600,000",https://d7i54qaggkyj3.cloudfront.net/thumb/property/JPEG/DTFrVS6uV.jpeg,"room: 1, bathroom: 2, square: 865"
"Dubai Marina, Dubai","AED 1,950,000",https://d7i54qaggkyj3.cloudfront.net/thumb/property/JPEG/mtacF3AO4.jpeg,"room: 1, bathroom: 2, square: 1197"
"Emaar Beachfront, Dubai","AED 4,008,888",https://d7i54qaggkyj3.cloudfront.net/thumb/property/JPEG/XmrK2_n-p.jpeg,"room: 2, bathroom: 3, square: 1277"
"Dubai Hills, Dubai","AED 2,287,888",https://d7i54qaggkyj3.cloudfront.net/thumb/property/JPEG/zCSYLXHfm.jpeg,"room: 3, bathroom: 3, square: 1606"
"Dubai Creek Harbour, Dubai","AED 2,875,888",https://d7i54qaggkyj3.cloudfront.net/thumb/property/JPEG/vvMsnM0OW.jpeg,"room: 3, bathroom: 4, square: 1747"
"Downtown Dubai, Dubai","AED 1,979,888",https://d7i54qaggkyj3.cloudfront.net/thumb/property/JPEG/_qz1aoGuH.jpeg,"room: 1, bathroom: 1, square: 760"
"Arabian Ranches 3, Dubai","AED 2,276,888",https://d7i54qaggkyj3.cloudfront.net/thumb/property/JPEG/Ii81M8S96.jpeg,"room: 4, bathroom: 5, square: 2646"
"The Crescent, Dubai","AED 5,200,000",https://d7i54qaggkyj3.cloudfront.net/thumb/property/JPEG/HPueBLbRz.jpeg,"room: 3, bathroom: 4, square: 3481"
"Palm Jumeirah, Dubai","AED 25,000,000",https://d7i54qaggkyj3.cloudfront.net/thumb/property/JPEG/cjQ0gAlMG.jpeg,"room: 3, bathroom: 4, square: 4793"
"The Crescent, Dubai","AED 2,950,000",https://d7i54qaggkyj3.cloudfront.net/thumb/property/JPEG/WbwEu7TMh.jpeg,"room: 1, bathroom: 1, square: 1134"
"Emaar Beachfront, Dubai","AED 4,364,888",https://d7i54qaggkyj3.cloudfront.net/thumb/property/JPEG/zvFxUtIyeS.jpg,"room: 2, bathroom: 3, square: 1403"
"Arabian Ranches 3, Dubai","AED 2,400,888",https://d7i54qaggkyj3.cloudfront.net/thumb/property/JPEG/D2eqNvTms.jpeg,"room: 4, bathroom: 5, square: 2404"
"Arabian Ranches 3, Dubai","AED 2,419,888",https://d7i54qaggkyj3.cloudfront.net/thumb/property/JPEG/LUZ4p9p1d.jpeg,"room: 4, bathroom: 5, square: 2483"
"Dubai Marina, Dubai","AED 1,600,000",https://d7i54qaggkyj3.cloudfront.net/thumb/property/JPEG/DTFrVS6uV.jpeg,"room: 1, bathroom: 2, square: 865"
"Arabian Ranches 3, Dubai","AED 1,831,888",https://d7i54qaggkyj3.cloudfront.net/thumb/property/JPEG/bX7ZfruPs.jpeg,"room: 3, bathroom: 4, square: 2023"
"The Crescent, Dubai","AED 44,040,000",https://d7i54qaggkyj3.cloudfront.net/thumb/property/JPEG/QTTm_VScX.jpeg,"room: 7, bathroom: 7, square: 11316"
"Emaar Beachfront, Dubai","AED 3,969,888",https://d7i54qaggkyj3.cloudfront.net/thumb/property/JPEG/GwOSIrpzKi.jpg,"room: 2, bathroom: 0, square: 1277"
"Emaar Beachfront, Dubai","AED 5,054,888",https://d7i54qaggkyj3.cloudfront.net/thumb/property/JPEG/MtZKWzVkKS.jpg,"room: 3, bathroom: 0, square: 1700"
"Business Bay, Dubai","AED 2,189,600",https://d7i54qaggkyj3.cloudfront.net/thumb/property/JPEG/BxeHQUM4T.jpeg,"room: 1, bathroom: 2, square: 876"
"Emaar Beachfront, Dubai","AED 4,829,888",https://d7i54qaggkyj3.cloudfront.net/thumb/property/JPEG/TQKdOjYEdI.jpg,"room: 3, bathroom: 0, square: 1763"
"The Crescent, Dubai","AED 51,380,000",https://d7i54qaggkyj3.cloudfront.net/thumb/property/JPEG/NrU_ERm2n.jpeg,"room: 7, bathroom: 7, square: 10776"
"Palm Jumeirah, Dubai","AED 3,250,000",https://d7i54qaggkyj3.cloudfront.net/thumb/property/JPEG/s-mB9WpyT.jpeg,"room: 2, bathroom: 3, square: 1550"
"Business Bay, Dubai","AED 4,327,120",https://d7i54qaggkyj3.cloudfront.net/thumb/property/JPEG/plzI7jVxG.jpeg,"room: 2, bathroom: 3, square: 1602"
"Dubai Creek Harbour, Dubai","AED 3,337,888",https://d7i54qaggkyj3.cloudfront.net/thumb/property/JPEG/1ATWyaWAg.jpeg,"room: 3, bathroom: 3, square: 1669"
"Dubai Marina, Dubai","AED 1,421,000",https://d7i54qaggkyj3.cloudfront.net/thumb/property/JPEG/Y0N40s6dP.jpeg,"room: 1, bathroom: 1, square: 699"
"Jumeirah Village Circle, Dubai","AED 750,828",https://d7i54qaggkyj3.cloudfront.net/thumb/property/JPEG/xlpAJfW9m.jpeg,"room: 1, bathroom: 2, square: 758"
"Belgravia, Dubai","AED 1,063,828",https://d7i54qaggkyj3.cloudfront.net/thumb/property/JPEG/wAKqCUgj4.jpeg,"room: 2, bathroom: 2, square: 1093"
"Downtown Dubai, Dubai","AED 4,984,828",https://d7i54qaggkyj3.cloudfront.net/thumb/property/JPEG/CKCetjowT.jpeg,"room: 3, bathroom: 3, square: 2530"
"Dubai Hills, Dubai","AED 2,287,888",https://d7i54qaggkyj3.cloudfront.net/thumb/property/JPEG/zCSYLXHfm.jpeg,"room: 3, bathroom: 3, square: 1606"
"Jumeirah Village Circle, Dubai","AED 813,828",https://d7i54qaggkyj3.cloudfront.net/thumb/property/JPEG/V6ADZQyAL.jpeg,"room: 1, bathroom: 1, square: 810"
"Dubai Marina, Dubai","AED 899,000",https://d7i54qaggkyj3.cloudfront.net/thumb/property/JPEG/hIPetAssM.jpeg,"room: 1, bathroom: 1, square: 659"
"Business Bay, Dubai","AED 2,189,600",https://d7i54qaggkyj3.cloudfront.net/thumb/property/JPEG/BxeHQUM4T.jpeg,"room: 1, bathroom: 2, square: 876"
"Al Barsha South, Dubai","AED 1,187,719",https://d7i54qaggkyj3.cloudfront.net/thumb/property/JPEG/zHngPwHVi.jpeg,"room: 2, bathroom: 2, square: 1141"
"Jumeirah Village Circle, Dubai","AED 1,283,828",https://d7i54qaggkyj3.cloudfront.net/thumb/property/JPEG/yY8Mc1Fj4.jpeg,"room: 2, bathroom: 2, square: 1299"
"Dubai Creek Harbour, Dubai","AED 1,349,888",https://d7i54qaggkyj3.cloudfront.net/thumb/property/JPEG/Niv5vXocP.jpeg,"room: 1, bathroom: 1, square: 783"
"Business Bay, Dubai","AED 35,574,000",https://d7i54qaggkyj3.cloudfront.net/thumb/property/JPEG/fsUBBJawb.jpeg,"room: 5, bathroom: 6, square: 10780"
"Dubai Marina, Dubai","AED 1,354,000",https://d7i54qaggkyj3.cloudfront.net/thumb/property/JPEG/cf3JuyqwV.jpeg,"room: 1, bathroom: 2, square: 821"
"Arjan, Dubai","AED 1,003,035",https://d7i54qaggkyj3.cloudfront.net/thumb/property/JPEG/VVCV0DSK5.jpeg,"room: 2, bathroom: 2, square: 1019"
"The Valley, Dubai","AED 1,521,888",https://d7i54qaggkyj3.cloudfront.net/thumb/property/JPEG/rjoPTiXmv.jpeg,"room: 3, bathroom: 4, square: 2028"
"Tilal Al Ghaf, Dubai","AED 1,259,000",https://d7i54qaggkyj3.cloudfront.net/thumb/property/JPEG/w8KbX12EO.jpeg,"room: 3, bathroom: 4, square: 2152"
"Dubai Hills, Dubai","AED 2,168,888",https://d7i54qaggkyj3.cloudfront.net/thumb/property/JPEG/qgGeCNpyGF.jpg,"room: 3, bathroom: 0, square: 1603"
"Dubai Hills, Dubai","AED 2,210,888",https://d7i54qaggkyj3.cloudfront.net/thumb/property/JPEG/YWAyMizBHZ.jpg,"room: 3, bathroom: 0, square: 1602"
"Dubai Hills, Dubai","AED 5,368,888",https://d7i54qaggkyj3.cloudfront.net/thumb/property/JPEG/rqEIQDqUTy.jpg,"room: 3, bathroom: 0, square: 3100"
"Dubai Hills, Dubai","AED 5,326,888",https://d7i54qaggkyj3.cloudfront.net/thumb/property/JPEG/KoPLQUBmyd.jpg,"room: 5, bathroom: 0, square: 4109"
"Arabian Ranches 2, Dubai","AED 3,482,888",https://d7i54qaggkyj3.cloudfront.net/thumb/property/JPEG/EQzFKSgJaY.jpg,"room: 3, bathroom: 4, square: 3052"
"Arabian Ranches 2, Dubai","AED 3,631,888",https://d7i54qaggkyj3.cloudfront.net/thumb/property/JPEG/uKXlGlncix.jpg,"room: 3, bathroom: 4, square: 3052"
"Akoya Oxygen, Dubai","AED 2,255,000",https://d7i54qaggkyj3.cloudfront.net/thumb/property/JPEG/qDeuspeArJ.jpg,"room: 5, bathroom: 0, square: 2633"
"Akoya Oxygen, Dubai","AED 2,255,000",https://d7i54qaggkyj3.cloudfront.net/thumb/property/JPEG/eSMTcWoRXp.jpg,"room: 5, bathroom: 0, square: 2633"
"Akoya Oxygen, Dubai","AED 2,255,000",https://d7i54qaggkyj3.cloudfront.net/thumb/property/JPEG/WJLIiMDEuB.jpg,"room: 5, bathroom: 0, square: 2633"
"Akoya Oxygen, Dubai","AED 1,343,000",https://d7i54qaggkyj3.cloudfront.net/thumb/property/JPEG/TVltkzrYVH.jpg,"room: 3, bathroom: 0, square: 1768"
"Akoya Oxygen, Dubai","AED 4,009,000",https://d7i54qaggkyj3.cloudfront.net/thumb/property/JPEG/lFDFwGLOGi.jpg,"room: 6, bathroom: 0, square: 4056"
"Akoya Oxygen, Dubai","AED 3,962,000",https://d7i54qaggkyj3.cloudfront.net/thumb/property/JPEG/VpvhPyvqMX.jpg,"room: 6, bathroom: 0, square: 4056"
"Akoya Oxygen, Dubai","AED 2,194,000",https://d7i54qaggkyj3.cloudfront.net/thumb/property/JPEG/wyBPZACTZi.jpg,"room: 5, bathroom: 0, square: 2516"
"Dubai Hills, Dubai","AED 33,600,000",https://d7i54qaggkyj3.cloudfront.net/thumb/property/JPEG/B3mWNkO2o.jpeg,"room: 6, bathroom: 7, square: 13343"
"Dubai Marina, Dubai","AED 3,394,000",https://d7i54qaggkyj3.cloudfront.net/thumb/property/JPEG/PGrVMMRAUE.jpg,"room: 2, bathroom: 0, square: 2063"
"Dubai Marina, Dubai","AED 3,075,000",https://d7i54qaggkyj3.cloudfront.net/thumb/property/JPEG/IzUYVYtTlI.jpg,"room: 3, bathroom: 0, square: 1958"
"Dubai Marina, Dubai","AED 3,071,000",https://d7i54qaggkyj3.cloudfront.net/thumb/property/JPEG/CjGGPFblaJ.jpg,"room: 3, bathroom: 0, square: 1954"
"Dubai Marina, Dubai","AED 3,051,000",https://d7i54qaggkyj3.cloudfront.net/thumb/property/JPEG/HWygvvjHhF.jpg,"room: 3, bathroom: 0, square: 1939"
"Dubai Marina, Dubai","AED 3,032,000",https://d7i54qaggkyj3.cloudfront.net/thumb/property/JPEG/BHTsapNVYt.jpg,"room: 3, bathroom: 0, square: 1923"
"Dubai Marina, Dubai","AED 2,993,000",https://d7i54qaggkyj3.cloudfront.net/thumb/property/JPEG/qDZTytmzjr.jpg,"room: 3, bathroom: 0, square: 1895"
"Business Bay, Dubai","AED 3,096,946",https://d7i54qaggkyj3.cloudfront.net/thumb/property/JPEG/YHZr-3Omj.jpeg,"room: 1, bathroom: 2, square: 1191"
"Dubai Hills, Dubai","AED 18,000,000",https://d7i54qaggkyj3.cloudfront.net/thumb/property/JPEG/9ZwM6nf82.jpeg,"room: 6, bathroom: 7, square: 13430"
"Dubai Hills, Dubai","AED 12,000,000",https://d7i54qaggkyj3.cloudfront.net/thumb/property/JPEG/d0liW5M1A.jpeg,"room: 5, bathroom: 7, square: 7104"
"Downtown Dubai, Dubai","AED 2,286,888",https://d7i54qaggkyj3.cloudfront.net/thumb/property/JPEG/9uisoK9zX.jpeg,"room: 1, bathroom: 2, square: 891"
"Arabian Ranches 3, Dubai","AED 2,310,888",https://d7i54qaggkyj3.cloudfront.net/thumb/property/JPEG/lBtGju7F6.jpeg,"room: 4, bathroom: 5, square: 2646"
"Arabian Ranches 3, Dubai","AED 2,299,888",https://d7i54qaggkyj3.cloudfront.net/thumb/property/JPEG/RIipSDqQW.jpeg,"room: 4, bathroom: 5, square: 2646"
"Arabian Ranches 3, Dubai","AED 2,286,888",https://d7i54qaggkyj3.cloudfront.net/thumb/property/JPEG/bi0y_d9vx.jpeg,"room: 4, bathroom: 5, square: 2655"
"Dubai Marina, Dubai","AED 1,421,000",https://d7i54qaggkyj3.cloudfront.net/thumb/property/JPEG/Y0N40s6dP.jpeg,"room: 1, bathroom: 1, square: 699"
"Akoya Oxygen, Dubai","AED 585,000",https://d7i54qaggkyj3.cloudfront.net/thumb/property/JPEG/fnylcLeGbr.jpg,"room: 1, bathroom: 0, square: 744"
"Akoya Oxygen, Dubai","AED 585,000",https://d7i54qaggkyj3.cloudfront.net/thumb/property/JPEG/lpnazOqPRO.jpg,"room: 1, bathroom: 0, square: 744"
"Akoya Oxygen, Dubai","AED 595,000",https://d7i54qaggkyj3.cloudfront.net/thumb/property/JPEG/irhSBMPatL.jpg,"room: 1, bathroom: 0, square: 744"
"Akoya Oxygen, Dubai","AED 1,615,000",https://d7i54qaggkyj3.cloudfront.net/thumb/property/JPEG/FEHsdjnWtE.jpg,"room: 3, bathroom: 0, square: 1790"
"Akoya Oxygen, Dubai","AED 2,144,000",https://d7i54qaggkyj3.cloudfront.net/thumb/property/JPEG/MOHRQDfvWu.jpg,"room: 5, bathroom: 0, square: 2516"
"Akoya Oxygen, Dubai","AED 2,194,000",https://d7i54qaggkyj3.cloudfront.net/thumb/property/JPEG/AUJcMAvjhJ.jpg,"room: 5, bathroom: 0, square: 2516"
"Town Square, Dubai","AED 1,543,888",https://d7i54qaggkyj3.cloudfront.net/thumb/property/JPEG/mMIHTPtgmX.jpg,"room: 3, bathroom: 0, square: 1451"
"Town Square, Dubai","AED 1,515,888",https://d7i54qaggkyj3.cloudfront.net/thumb/property/JPEG/DzTuNLjToY.jpg,"room: 3, bathroom: 0, square: 1520"
"Serena, Dubai","AED 1,778,000",https://d7i54qaggkyj3.cloudfront.net/thumb/property/JPEG/PJwQGwkTYm.jpg,"room: 3, bathroom: 0, square: 2269"
"Serena, Dubai","AED 1,340,000",https://d7i54qaggkyj3.cloudfront.net/thumb/property/JPEG/uISREfPHGF.jpg,"room: 2, bathroom: 0, square: 1862"
"Business Bay, Dubai","AED 2,170,080",https://d7i54qaggkyj3.cloudfront.net/thumb/property/JPEG/TirjYLreLE.jpg,"room: 2, bathroom: 0, square: 1320"
"Serena, Dubai","AED 1,340,000",https://d7i54qaggkyj3.cloudfront.net/thumb/property/JPEG/LDKQuXSRzN.jpg,"room: 2, bathroom: 0, square: 1862"
"Serena, Dubai","AED 1,397,000",https://d7i54qaggkyj3.cloudfront.net/thumb/property/JPEG/FvwTgVdJcv.jpg,"room: 2, bathroom: 0, square: 1862"
"Dubai Hills, Dubai","AED 5,368,888",https://d7i54qaggkyj3.cloudfront.net/thumb/property/JPEG/rqEIQDqUTy.jpg,"room: 3, bathroom: 0, square: 3100"
"Serena, Dubai","AED 1,467,000",https://d7i54qaggkyj3.cloudfront.net/thumb/property/JPEG/mfFRdmoxUC.jpg,"room: 2, bathroom: 0, square: 1481"
"Serena, Dubai","AED 1,815,000",https://d7i54qaggkyj3.cloudfront.net/thumb/property/JPEG/FZKYGXnfbB.jpg,"room: 3, bathroom: 0, square: 1878"
"Business Bay, Dubai","AED 2,102,730",https://d7i54qaggkyj3.cloudfront.net/thumb/property/JPEG/aDhONszyqR.jpg,"room: 2, bathroom: 0, square: 1330"
not found,under contract,not found,"room: not found, bathroom: not found, square: not found"
"Town Square, Dubai","AED 620,888",https://d7i54qaggkyj3.cloudfront.net/thumb/property/JPEG/VMnoBBbGnC.jpg,"room: 1, bathroom: 0, square: 484"
"Akoya Oxygen, Dubai","AED 2,255,000",https://d7i54qaggkyj3.cloudfront.net/thumb/property/JPEG/qDeuspeArJ.jpg,"room: 5, bathroom: 0, square: 2633"
"Villanova Dubai Properties, Dubai","AED 1,225,000",https://d7i54qaggkyj3.cloudfront.net/thumb/property/JPEG/eHeFpxKLhP.jpg,"room: 2, bathroom: 0, square: 1402"
"Akoya Oxygen, Dubai","AED 2,255,000",https://d7i54qaggkyj3.cloudfront.net/thumb/property/JPEG/eSMTcWoRXp.jpg,"room: 5, bathroom: 0, square: 2633"
"Old Town, Dubai","AED 1,364,000",https://d7i54qaggkyj3.cloudfront.net/thumb/property/JPEG/CoUZwMlukA.jpg,"room: 2, bathroom: 0, square: 1377"
"The Crescent, Dubai","AED 8,234,000",https://d7i54qaggkyj3.cloudfront.net/thumb/property/JPEG/vEPKXRqgAO.jpg,"room: 2, bathroom: 0, square: 1944"
"The Crescent, Dubai","AED 11,997,000",https://d7i54qaggkyj3.cloudfront.net/thumb/property/JPEG/haiwFlBSEm.jpg,"room: 2, bathroom: 0, square: 2564"
"Dubai Hills, Dubai","AED 5,326,888",https://d7i54qaggkyj3.cloudfront.net/thumb/property/JPEG/KoPLQUBmyd.jpg,"room: 5, bathroom: 0, square: 4109"
"Old Town, Dubai","AED 1,349,000",https://d7i54qaggkyj3.cloudfront.net/thumb/property/JPEG/iicozmGNAR.jpg,"room: 2, bathroom: 0, square: 1369"
"Akoya Oxygen, Dubai","AED 2,194,000",https://d7i54qaggkyj3.cloudfront.net/thumb/property/JPEG/DjMPGWqyiE.jpg,"room: 5, bathroom: 0, square: 2516"
"Akoya Oxygen, Dubai","AED 876,000",https://d7i54qaggkyj3.cloudfront.net/thumb/property/JPEG/jsFOdXlXmN.jpg,"room: 3, bathroom: 0, square: 1707"
"Dubai Marina, Dubai","AED 7,361,000",https://d7i54qaggkyj3.cloudfront.net/thumb/property/JPEG/bvcKSOwpIU.jpg,"room: 4, bathroom: 5, square: 3050"
"Akoya Oxygen, Dubai","AED 2,255,000",https://d7i54qaggkyj3.cloudfront.net/thumb/property/JPEG/WJLIiMDEuB.jpg,"room: 5, bathroom: 0, square: 2633"
"The Crescent, Dubai","AED 11,322,000",https://d7i54qaggkyj3.cloudfront.net/thumb/property/JPEG/aDuFnvzOTd.jpg,"room: 2, bathroom: 0, square: 2596"
"Akoya Oxygen, Dubai","AED 1,426,000",https://d7i54qaggkyj3.cloudfront.net/thumb/property/JPEG/maeyalhQNQ.jpg,"room: 3, bathroom: 0, square: 1883"
"Old Town, Dubai","AED 1,133,000",https://d7i54qaggkyj3.cloudfront.net/thumb/property/JPEG/mclcTaVoLs.jpg,"room: 1, bathroom: 0, square: 1023"
"Dubai Marina, Dubai","AED 3,075,000",https://d7i54qaggkyj3.cloudfront.net/thumb/property/JPEG/IzUYVYtTlI.jpg,"room: 3, bathroom: 0, square: 1958"
"Akoya Oxygen, Dubai","AED 1,426,000",https://d7i54qaggkyj3.cloudfront.net/thumb/property/JPEG/DNdyEjXAFk.jpg,"room: 3, bathroom: 0, square: 1884"
"Dubai Hills, Dubai","AED 25,000,000",https://d7i54qaggkyj3.cloudfront.net/thumb/property/JPEG/zdJUQhvhu.jpeg,"room: 7, bathroom: 7, square: 13000"
"Akoya Oxygen, Dubai","AED 1,017,000",https://d7i54qaggkyj3.cloudfront.net/thumb/property/JPEG/pcusWCcFbu.jpg,"room: 3, bathroom: 0, square: 1669"
"Akoya Oxygen, Dubai","AED 1,017,000",https://d7i54qaggkyj3.cloudfront.net/thumb/property/JPEG/CDBsuIujol.jpg,"room: 3, bathroom: 0, square: 1669"
"Akoya Oxygen, Dubai","AED 1,017,000",https://d7i54qaggkyj3.cloudfront.net/thumb/property/JPEG/BuVnaOHltV.jpg,"room: 3, bathroom: 0, square: 1669"
"Palm Jumeirah, Dubai","AED 1,850,888",https://d7i54qaggkyj3.cloudfront.net/thumb/property/JPEG/sEAjyTRpPT.jpg,"room: 1, bathroom: 0, square: 643"
not found,under contract,not found,"room: not found, bathroom: not found, square: not found"
not found,under contract,not found,"room: not found, bathroom: not found, square: not found"
not found,under contract,not found,"room: not found, bathroom: not found, square: not found"
not found,under contract,not found,"room: not found, bathroom: not found, square: not found"
"Akoya Oxygen, Dubai","AED 1,515,000",https://d7i54qaggkyj3.cloudfront.net/thumb/property/JPEG/RNLkFrFLGR.jpg,"room: 3, bathroom: 0, square: 1790"
"Akoya Oxygen, Dubai","AED 1,515,000",https://d7i54qaggkyj3.cloudfront.net/thumb/property/JPEG/SONDwFpxth.jpg,"room: 3, bathroom: 0, square: 1790"
"Akoya Oxygen, Dubai","AED 1,515,000",https://d7i54qaggkyj3.cloudfront.net/thumb/property/JPEG/OkgCRwvibM.jpg,"room: 3, bathroom: 0, square: 1790"
"Akoya Oxygen, Dubai","AED 1,660,000",https://d7i54qaggkyj3.cloudfront.net/thumb/property/JPEG/kXDUGEnOnX.jpg,"room: 3, bathroom: 0, square: 1624"
"Akoya Oxygen, Dubai","AED 1,542,000",https://d7i54qaggkyj3.cloudfront.net/thumb/property/JPEG/JoBxSdLWpH.jpg,"room: 3, bathroom: 0, square: 1768"
"Akoya Oxygen, Dubai","AED 1,542,000",https://d7i54qaggkyj3.cloudfront.net/thumb/property/JPEG/qafLkmhyJS.jpg,"room: 3, bathroom: 0, square: 1768"
"Akoya Oxygen, Dubai","AED 1,426,000",https://d7i54qaggkyj3.cloudfront.net/thumb/property/JPEG/DNdyEjXAFk.jpg,"room: 3, bathroom: 0, square: 1884"
"Dubai Marina, Dubai","AED 3,075,000",https://d7i54qaggkyj3.cloudfront.net/thumb/property/JPEG/IzUYVYtTlI.jpg,"room: 3, bathroom: 0, square: 1958"
"The Crescent, Dubai","AED 21,098,888",https://d7i54qaggkyj3.cloudfront.net/thumb/property/JPEG/EEJMWMcLZn.jpg,"room: 4, bathroom: 0, square: 7083"
"Akoya Oxygen, Dubai","AED 1,426,000",https://d7i54qaggkyj3.cloudfront.net/thumb/property/JPEG/DNdyEjXAFk.jpg,"room: 3, bathroom: 0, square: 1884"
"Dubai Marina, Dubai","AED 1,803,690",https://d7i54qaggkyj3.cloudfront.net/thumb/property/JPEG/yHDjAwLhDQ.jpg,"room: 1, bathroom: 0, square: 902"
"Town Square, Dubai","AED 1,626,888",https://d7i54qaggkyj3.cloudfront.net/thumb/property/JPEG/NZotkyDCqY.jpg,"room: 6, bathroom: 0, square: 1451"
"Dubai Marina, Dubai","AED 3,071,000",https://d7i54qaggkyj3.cloudfront.net/thumb/property/JPEG/CjGGPFblaJ.jpg,"room: 3, bathroom: 0, square: 1954"
"Business Bay, Dubai","AED 1,462,168",https://d7i54qaggkyj3.cloudfront.net/thumb/property/JPEG/YgqHgqWDRl.jpg,"room: 1, bathroom: 0, square: 1033"
"The Crescent, Dubai","AED 9,778,000",https://d7i54qaggkyj3.cloudfront.net/thumb/property/JPEG/NzauQutaKM.jpg,"room: 2, bathroom: 0, square: 2007"
"Dubai Creek Harbour, Dubai","AED 2,135,888",https://d7i54qaggkyj3.cloudfront.net/thumb/property/JPEG/sWIEPpfQkr.jpg,"room: 2, bathroom: 2, square: 1299"
"Dubai Hills, Dubai","AED 4,666,888",https://d7i54qaggkyj3.cloudfront.net/thumb/property/JPEG/YuYTthSZmI.jpg,"room: 4, bathroom: 0, square: 2471"
"Akoya Oxygen, Dubai","AED 1,426,000",https://d7i54qaggkyj3.cloudfront.net/thumb/property/JPEG/YqoTFSZXMa.jpg,"room: 3, bathroom: 0, square: 1884"
"Business Bay, Dubai","AED 1,379,769",https://d7i54qaggkyj3.cloudfront.net/thumb/property/JPEG/lFaVHPOmfY.jpg,"room: 1, bathroom: 0, square: 975"
"Business Bay, Dubai","AED 1,462,168",https://d7i54qaggkyj3.cloudfront.net/thumb/property/JPEG/XLUAmzzmHa.jpg,"room: 1, bathroom: 0, square: 1033"
"Business Bay, Dubai","AED 1,379,769",https://d7i54qaggkyj3.cloudfront.net/thumb/property/JPEG/vVFdhnfBck.jpg,"room: 1, bathroom: 0, square: 975"
"Akoya Oxygen, Dubai","AED 1,660,000",https://d7i54qaggkyj3.cloudfront.net/thumb/property/JPEG/kXDUGEnOnX.jpg,"room: 3, bathroom: 0, square: 1624"
"Akoya Oxygen, Dubai","AED 2,144,000",https://d7i54qaggkyj3.cloudfront.net/thumb/property/JPEG/ReqQqrJwtY.jpg,"room: 5, bathroom: 0, square: 2516"
"Emaar South, Dubai","AED 2,612,888",https://d7i54qaggkyj3.cloudfront.net/thumb/property/JPEG/vSTXOlsuqI.jpg,"room: 3, bathroom: 0, square: 2804"
"Emaar South, Dubai","AED 2,603,888",https://d7i54qaggkyj3.cloudfront.net/thumb/property/JPEG/fzpXIBgJbt.jpg,"room: 3, bathroom: 0, square: 2804"
"Emaar South, Dubai","AED 2,634,888",https://d7i54qaggkyj3.cloudfront.net/thumb/property/JPEG/GCtwEDWWak.jpg,"room: 3, bathroom: 0, square: 2804"
"Emaar South, Dubai","AED 2,656,888",https://d7i54qaggkyj3.cloudfront.net/thumb/property/JPEG/bKDDtiTwtG.jpg,"room: 3, bathroom: 0, square: 2804"
"Emaar South, Dubai","AED 2,631,888",https://d7i54qaggkyj3.cloudfront.net/thumb/property/JPEG/vTsZVgcuQU.jpg,"room: 3, bathroom: 0, square: 2804"
"Emaar South, Dubai","AED 2,633,888",https://d7i54qaggkyj3.cloudfront.net/thumb/property/JPEG/zYCPJNxnVJ.jpg,"room: 3, bathroom: 0, square: 2804"
"Emaar South, Dubai","AED 2,634,888",https://d7i54qaggkyj3.cloudfront.net/thumb/property/JPEG/OmujGpcAkn.jpg,"room: 3, bathroom: 0, square: 2804"
"Emaar South, Dubai","AED 2,640,888",https://d7i54qaggkyj3.cloudfront.net/thumb/property/JPEG/YQGajoJwTe.jpg,"room: 3, bathroom: 0, square: 2804"
"Emaar South, Dubai","AED 2,640,888",https://d7i54qaggkyj3.cloudfront.net/thumb/property/JPEG/uBpszXQOIa.jpg,"room: 3, bathroom: 0, square: 2804"
"Emaar South, Dubai","AED 2,638,888",https://d7i54qaggkyj3.cloudfront.net/thumb/property/JPEG/bcgKdjznTe.jpg,"room: 3, bathroom: 0, square: 2804"
"Emaar South, Dubai","AED 2,634,888",https://d7i54qaggkyj3.cloudfront.net/thumb/property/JPEG/vpCxMxsZSt.jpg,"room: 3, bathroom: 0, square: 2804"
"Emaar South, Dubai","AED 2,622,888",https://d7i54qaggkyj3.cloudfront.net/thumb/property/JPEG/rokRIvCTDB.jpg,"room: 3, bathroom: 0, square: 2804"
"Emaar South, Dubai","AED 2,621,888",https://d7i54qaggkyj3.cloudfront.net/thumb/property/JPEG/BntfGaQZcS.jpg,"room: 3, bathroom: 0, square: 2804"
"Emaar South, Dubai","AED 2,636,888",https://d7i54qaggkyj3.cloudfront.net/thumb/property/JPEG/JJXluFEFYz.jpg,"room: 3, bathroom: 0, square: 2804"
"Emaar South, Dubai","AED 2,655,888",https://d7i54qaggkyj3.cloudfront.net/thumb/property/JPEG/fjLGcMahHC.jpg,"room: 3, bathroom: 0, square: 2804"
"Emaar South, Dubai","AED 1,067,888",https://d7i54qaggkyj3.cloudfront.net/thumb/property/JPEG/zTzzazzbCT.jpg,"room: 2, bathroom: 0, square: 1159"
"Downtown Dubai, Dubai","AED 2,262,888",https://d7i54qaggkyj3.cloudfront.net/thumb/property/JPEG/aJnKASpbHu.jpg,"room: 2, bathroom: 0, square: 998"
"Creek Beach, Dubai","AED 2,776,888",https://d7i54qaggkyj3.cloudfront.net/thumb/property/JPEG/DvkWLfXnxt.jpg,"room: 2, bathroom: 2, square: 1184"
"Downtown Dubai, Dubai","AED 2,247,888",https://d7i54qaggkyj3.cloudfront.net/thumb/property/JPEG/vrlUbYFUho.jpg,"room: 2, bathroom: 0, square: 994"
"Downtown Dubai, Dubai","AED 2,257,888",https://d7i54qaggkyj3.cloudfront.net/thumb/property/JPEG/kYmHgtNEvC.jpg,"room: 2, bathroom: 0, square: 998"
"Downtown Dubai, Dubai","AED 2,253,888",https://d7i54qaggkyj3.cloudfront.net/thumb/property/JPEG/aChRmrQLTN.jpg,"room: 2, bathroom: 0, square: 998"
"Downtown Dubai, Dubai","AED 2,191,888",https://d7i54qaggkyj3.cloudfront.net/thumb/property/JPEG/iBgmWnvdfu.jpg,"room: 2, bathroom: 2, square: 994"
"Akoya Oxygen, Dubai","AED 1,542,000",https://d7i54qaggkyj3.cloudfront.net/thumb/property/JPEG/JoBxSdLWpH.jpg,"room: 3, bathroom: 0, square: 1768"
"Damac Hills, Dubai","AED 2,206,756",https://d7i54qaggkyj3.cloudfront.net/thumb/property/JPEG/hgzJrwMTEV.jpg,"room: 3, bathroom: 0, square: 1532"
"Downtown Dubai, Dubai","AED 2,198,888",https://d7i54qaggkyj3.cloudfront.net/thumb/property/JPEG/NWhTgKGdpJ.jpg,"room: 2, bathroom: 0, square: 998"
"Damac Hills, Dubai","AED 2,202,422",https://d7i54qaggkyj3.cloudfront.net/thumb/property/JPEG/WJqaziaaiM.jpg,"room: 3, bathroom: 0, square: 1529"
"Dubai Hills, Dubai","AED 1,661,888",https://d7i54qaggkyj3.cloudfront.net/thumb/property/JPEG/lHvBkFjPcf.jpg,"room: 1, bathroom: 0, square: 1057"
"Downtown Dubai, Dubai","AED 1,708,888",https://d7i54qaggkyj3.cloudfront.net/thumb/property/JPEG/qKGxQnTjpm.jpg,"room: 1, bathroom: 1, square: 657"
"Town Square, Dubai","AED 1,629,888",https://d7i54qaggkyj3.cloudfront.net/thumb/property/JPEG/kwLuYJwRPu.jpg,"room: 3, bathroom: 0, square: 1501"
"Dubai Marina, Dubai","AED 1,902,088",https://d7i54qaggkyj3.cloudfront.net/thumb/property/JPEG/datNoHEhbk.jpg,"room: 1, bathroom: 0, square: 899"
"Business Bay, Dubai","AED 2,110,710",https://d7i54qaggkyj3.cloudfront.net/thumb/property/JPEG/vwVlbRpyYY.jpg,"room: 2, bathroom: 0, square: 1330"
"Akoya Oxygen, Dubai","AED 1,426,000",https://d7i54qaggkyj3.cloudfront.net/thumb/property/JPEG/xVyDdlVxhw.jpg,"room: 3, bathroom: 0, square: 1883"
"Dubai Hills, Dubai","AED 4,556,888",https://d7i54qaggkyj3.cloudfront.net/thumb/property/JPEG/kDPuVPJqwp.jpg,"room: 4, bathroom: 0, square: 2471"
"Dubai Hills, Dubai","AED 4,666,888",https://d7i54qaggkyj3.cloudfront.net/thumb/property/JPEG/YuYTthSZmI.jpg,"room: 4, bathroom: 0, square: 2471"
"Dubai Hills, Dubai","AED 4,926,888",https://d7i54qaggkyj3.cloudfront.net/thumb/property/JPEG/GaTtfzJeTL.jpg,"room: 4, bathroom: 0, square: 2471"
"Dubai Hills, Dubai","AED 4,944,888",https://d7i54qaggkyj3.cloudfront.net/thumb/property/JPEG/HnpKExYvxJ.jpg,"room: 5, bathroom: 5, square: 2700"
"Dubai Hills, Dubai","AED 4,404,888",https://d7i54qaggkyj3.cloudfront.net/thumb/property/JPEG/KyeDsxpZny.jpg,"room: 4, bathroom: 4, square: 2462"
"Akoya Oxygen, Dubai","AED 1,899,000",https://d7i54qaggkyj3.cloudfront.net/thumb/property/JPEG/utAHniGYSi.jpg,"room: 5, bathroom: 0, square: 3172"
"Akoya Oxygen, Dubai","AED 1,337,000",https://d7i54qaggkyj3.cloudfront.net/thumb/property/JPEG/iivTploKgy.jpg,"room: 3, bathroom: 0, square: 1828"
"Akoya Oxygen, Dubai","AED 1,343,000",https://d7i54qaggkyj3.cloudfront.net/thumb/property/JPEG/DcNOQYTcom.jpg,"room: 3, bathroom: 0, square: 1768"
"Akoya Oxygen, Dubai","AED 1,343,000",https://d7i54qaggkyj3.cloudfront.net/thumb/property/JPEG/yMtMZUrgQn.jpg,"room: 3, bathroom: 0, square: 1768"
"Akoya Oxygen, Dubai","AED 1,343,000",https://d7i54qaggkyj3.cloudfront.net/thumb/property/JPEG/ZDoAVYylFp.jpg,"room: 3, bathroom: 0, square: 1768"
"Akoya Oxygen, Dubai","AED 1,343,000",https://d7i54qaggkyj3.cloudfront.net/thumb/property/JPEG/JCGkPoulys.jpg,"room: 3, bathroom: 0, square: 1768"
"Akoya Oxygen, Dubai","AED 1,509,000",https://d7i54qaggkyj3.cloudfront.net/thumb/property/JPEG/eYjtEfYJSh.jpg,"room: 3, bathroom: 0, square: 2248"
"Akoya Oxygen, Dubai","AED 1,509,000",https://d7i54qaggkyj3.cloudfront.net/thumb/property/JPEG/BnKqRZNOHe.jpg,"room: 3, bathroom: 0, square: 2248"
"Akoya Oxygen, Dubai","AED 1,509,000",https://d7i54qaggkyj3.cloudfront.net/thumb/property/JPEG/puJNBWzaFM.jpg,"room: 3, bathroom: 0, square: 2248"
"Akoya Oxygen, Dubai","AED 1,509,000",https://d7i54qaggkyj3.cloudfront.net/thumb/property/JPEG/InPeopqftJ.jpg,"room: 3, bathroom: 0, square: 2248"
"Akoya Oxygen, Dubai","AED 1,509,000",https://d7i54qaggkyj3.cloudfront.net/thumb/property/JPEG/EViFBZcAma.jpg,"room: 3, bathroom: 0, square: 2248"
"Akoya Oxygen, Dubai","AED 1,509,000",https://d7i54qaggkyj3.cloudfront.net/thumb/property/JPEG/uCtkllDeiu.jpg,"room: 3, bathroom: 0, square: 2248"
"Mudon, Dubai","AED 1,472,000",https://d7i54qaggkyj3.cloudfront.net/thumb/property/JPEG/xXuJmOsevD.jpg,"room: 3, bathroom: 0, square: 1544"
"Mudon, Dubai","AED 1,502,000",https://d7i54qaggkyj3.cloudfront.net/thumb/property/JPEG/sKoavbovlS.jpg,"room: 3, bathroom: 0, square: 1544"
not found,under contract,not found,"room: not found, bathroom: not found, square: not found"
not found,under contract,not found,"room: not found, bathroom: not found, square: not found"
not found,under contract,not found,"room: not found, bathroom: not found, square: not found"
not found,under contract,not found,"room: not found, bathroom: not found, square: not found"
not found,under contract,not found,"room: not found, bathroom: not found, square: not found"
not found,under contract,not found,"room: not found, bathroom: not found, square: not found"
"Akoya Oxygen, Dubai","AED 876,000",https://d7i54qaggkyj3.cloudfront.net/thumb/property/JPEG/jsFOdXlXmN.jpg,"room: 3, bathroom: 0, square: 1707"
"Akoya Oxygen, Dubai","AED 871,000",https://d7i54qaggkyj3.cloudfront.net/thumb/property/JPEG/BdoBqGcqxG.jpg,"room: 4, bathroom: 0, square: 1782"
"Akoya Oxygen, Dubai","AED 1,117,000",https://d7i54qaggkyj3.cloudfront.net/thumb/property/JPEG/jFvNgJtHwM.jpg,"room: 3, bathroom: 0, square: 1696"
"The Crescent, Dubai","AED 23,000,000",https://d7i54qaggkyj3.cloudfront.net/thumb/property/JPEG/5gIhKQ78F.jpeg,"room: 3, bathroom: 4, square: 5980"
"The Crescent, Dubai","AED 19,999,999",https://d7i54qaggkyj3.cloudfront.net/thumb/property/JPEG/hYbAjdfJN.jpeg,"room: 3, bathroom: 4, square: 6330"
"Palm Jumeirah, Dubai","AED 23,937,900",https://d7i54qaggkyj3.cloudfront.net/thumb/property/JPEG/MRbWTRkClP.jpg,"room: 4, bathroom: 0, square: 4050"
"Palm Jumeirah, Dubai","AED 52,000,000",https://d7i54qaggkyj3.cloudfront.net/thumb/property/JPEG/iazNDaAWpR.jpg,"room: 5, bathroom: 0, square: 7266"
"The Crescent, Dubai","AED 11,322,000",https://d7i54qaggkyj3.cloudfront.net/thumb/property/JPEG/AeDnGVgLsJ.jpg,"room: 2, bathroom: 0, square: 2571"
"Bluewaters Island, Dubai","AED 4,203,000",https://d7i54qaggkyj3.cloudfront.net/thumb/property/JPEG/CuhsIfLpaF.jpg,"room: 3, bathroom: 0, square: 1835"
"The Crescent, Dubai","AED 7,527,000",https://d7i54qaggkyj3.cloudfront.net/thumb/property/JPEG/KpuXSaMsIl.jpg,"room: 2, bathroom: 0, square: 1685"
"Akoya Oxygen, Dubai","AED 1,464,000",https://d7i54qaggkyj3.cloudfront.net/thumb/property/JPEG/rrEltYqGcW.jpg,"room: 3, bathroom: 0, square: 1863"
not found,under contract,not found,"room: not found, bathroom: not found, square: not found"
"Akoya Oxygen, Dubai","AED 2,194,000",https://d7i54qaggkyj3.cloudfront.net/thumb/property/JPEG/ssuUSEgvxQ.jpg,"room: 5, bathroom: 0, square: 2516"
"Bluewaters Island, Dubai","AED 3,097,000",https://d7i54qaggkyj3.cloudfront.net/thumb/property/JPEG/HWtGqrowxI.jpg,"room: 2, bathroom: 0, square: 1482"
"Bluewaters Island, Dubai","AED 3,063,000",https://d7i54qaggkyj3.cloudfront.net/thumb/property/JPEG/oiNIjlRFgf.jpg,"room: 2, bathroom: 0, square: 1483"
"Bluewaters Island, Dubai","AED 5,076,000",https://d7i54qaggkyj3.cloudfront.net/thumb/property/JPEG/gSOTrCIrEo.jpg,"room: 3, bathroom: 0, square: 1925"
"Bluewaters Island, Dubai","AED 3,008,000",https://d7i54qaggkyj3.cloudfront.net/thumb/property/JPEG/AMUucdOfZr.jpg,"room: 2, bathroom: 0, square: 1482"
"Bluewaters Island, Dubai","AED 5,182,000",https://d7i54qaggkyj3.cloudfront.net/thumb/property/JPEG/KswmmPKWlp.jpg,"room: 3, bathroom: 0, square: 1934"
"Bluewaters Island, Dubai","AED 3,044,000",https://d7i54qaggkyj3.cloudfront.net/thumb/property/JPEG/rRbHXUOoSe.jpg,"room: 2, bathroom: 0, square: 1487"
"Akoya Oxygen, Dubai","AED 2,194,000",https://d7i54qaggkyj3.cloudfront.net/thumb/property/JPEG/xaXidHMMgz.jpg,"room: 5, bathroom: 0, square: 2516"
"Bluewaters Island, Dubai","AED 3,513,000",https://d7i54qaggkyj3.cloudfront.net/thumb/property/JPEG/nWYXznGnRV.jpg,"room: 2, bathroom: 0, square: 1548"
"Bluewaters Island, Dubai","AED 5,501,000",https://d7i54qaggkyj3.cloudfront.net/thumb/property/JPEG/IJApfZtuqO.jpg,"room: 3, bathroom: 0, square: 1930"
"Business Bay, Dubai","AED 1,239,000",https://d7i54qaggkyj3.cloudfront.net/thumb/property/JPEG/lmddPykzcH.jpg,"room: 1, bathroom: 0, square: 628"
"Akoya Oxygen, Dubai","AED 2,144,000",https://d7i54qaggkyj3.cloudfront.net/thumb/property/JPEG/vzMKxrmDNC.jpg,"room: 5, bathroom: 0, square: 2516"
"Akoya Oxygen, Dubai","AED 2,194,000",https://d7i54qaggkyj3.cloudfront.net/thumb/property/JPEG/ssuUSEgvxQ.jpg,"room: 5, bathroom: 0, square: 2516"
"Akoya Oxygen, Dubai","AED 2,144,000",https://d7i54qaggkyj3.cloudfront.net/thumb/property/JPEG/eoLIErfaYG.jpg,"room: 5, bathroom: 0, square: 2516"
"Akoya Oxygen, Dubai","AED 2,144,000",https://d7i54qaggkyj3.cloudfront.net/thumb/property/JPEG/MOHRQDfvWu.jpg,"room: 5, bathroom: 0, square: 2516"
"Akoya Oxygen, Dubai","AED 2,144,000",https://d7i54qaggkyj3.cloudfront.net/thumb/property/JPEG/ReqQqrJwtY.jpg,"room: 5, bathroom: 0, square: 2516"
"Mudon, Dubai","AED 1,651,000",https://d7i54qaggkyj3.cloudfront.net/thumb/property/JPEG/hPbwpjddod.jpg,"room: 2, bathroom: 0, square: 1197"
"Mudon, Dubai","AED 1,808,000",https://d7i54qaggkyj3.cloudfront.net/thumb/property/JPEG/pcdSfbkcNq.jpg,"room: 3, bathroom: 0, square: 1412"
"Mudon, Dubai","AED 1,958,000",https://d7i54qaggkyj3.cloudfront.net/thumb/property/JPEG/lVLhHKiQLU.jpg,"room: 3, bathroom: 0, square: 1379"
"Mudon, Dubai","AED 1,842,000",https://d7i54qaggkyj3.cloudfront.net/thumb/property/JPEG/cLxBMyCvLy.jpg,"room: 3, bathroom: 0, square: 1412"
"Mudon, Dubai","AED 1,645,000",https://d7i54qaggkyj3.cloudfront.net/thumb/property/JPEG/xMnqDkRDyB.jpg,"room: 2, bathroom: 0, square: 1128"
"Mudon, Dubai","AED 1,801,000",https://d7i54qaggkyj3.cloudfront.net/thumb/property/JPEG/INoGlQxBKj.jpg,"room: 2, bathroom: 0, square: 1195"
"Mudon, Dubai","AED 1,753,000",https://d7i54qaggkyj3.cloudfront.net/thumb/property/JPEG/vkYuFKRVpB.jpg,"room: 2, bathroom: 0, square: 1196"
"Mira Oasis, Dubai","AED 1,248,888",https://d7i54qaggkyj3.cloudfront.net/thumb/property/JPEG/FyxRvFAoYx.jpg,"room: 2, bathroom: 0, square: 1159"
"The Valley, Dubai","AED 1,923,888",https://d7i54qaggkyj3.cloudfront.net/thumb/property/JPEG/UhjjTHKjbd.jpg,"room: 4, bathroom: 4, square: 2336"
"The Valley, Dubai","AED 1,923,888",https://d7i54qaggkyj3.cloudfront.net/thumb/property/JPEG/wLSQDXfSrs.jpg,"room: 4, bathroom: 4, square: 2336"
"The Valley, Dubai","AED 1,910,888",https://d7i54qaggkyj3.cloudfront.net/thumb/property/JPEG/ylvWWPAwiY.jpg,"room: 4, bathroom: 4, square: 2323"
"Dubai Hills, Dubai","AED 1,198,888",https://d7i54qaggkyj3.cloudfront.net/thumb/property/JPEG/uLJSlpgNnu.jpg,"room: 2, bathroom: 0, square: 939"
"Emaar South, Dubai","AED 2,622,888",https://d7i54qaggkyj3.cloudfront.net/thumb/property/JPEG/rokRIvCTDB.jpg,"room: 3, bathroom: 0, square: 2804"
"Bluewaters Island, Dubai","AED 3,008,000",https://d7i54qaggkyj3.cloudfront.net/thumb/property/JPEG/AMUucdOfZr.jpg,"room: 2, bathroom: 0, square: 1482"
"Bluewaters Island, Dubai","AED 5,182,000",https://d7i54qaggkyj3.cloudfront.net/thumb/property/JPEG/KswmmPKWlp.jpg,"room: 3, bathroom: 0, square: 1934"
"Bluewaters Island, Dubai","AED 3,044,000",https://d7i54qaggkyj3.cloudfront.net/thumb/property/JPEG/rRbHXUOoSe.jpg,"room: 2, bathroom: 0, square: 1487"
"Jumeirah Bay, Dubai","AED 11,240,000",https://d7i54qaggkyj3.cloudfront.net/thumb/property/JPEG/yvbABkudXs.jpg,"room: 2, bathroom: 0, square: 3586"
"Akoya Oxygen, Dubai","AED 2,194,000",https://d7i54qaggkyj3.cloudfront.net/thumb/property/JPEG/xaXidHMMgz.jpg,"room: 5, bathroom: 0, square: 2516"
"Dubai Hills, Dubai","AED 1,082,888",https://d7i54qaggkyj3.cloudfront.net/thumb/property/JPEG/zrIYInqQyj.jpg,"room: 2, bathroom: 0, square: 727"
"Dubai Hills, Dubai","AED 1,127,888",https://d7i54qaggkyj3.cloudfront.net/thumb/property/JPEG/tVZeYdKHvs.jpg,"room: 2, bathroom: 0, square: 742"
"Dubai Hills, Dubai","AED 1,099,888",https://d7i54qaggkyj3.cloudfront.net/thumb/property/JPEG/pfsFbVcKAW.jpg,"room: 2, bathroom: 0, square: 723"
"Dubai Hills, Dubai","AED 1,102,888",https://d7i54qaggkyj3.cloudfront.net/thumb/property/JPEG/GCfPumQfkn.jpg,"room: 2, bathroom: 0, square: 725"
"Dubai Hills, Dubai","AED 2,057,888",https://d7i54qaggkyj3.cloudfront.net/thumb/property/JPEG/ZomeOyBZTK.jpg,"room: 2, bathroom: 0, square: 1356"
"Bluewaters Island, Dubai","AED 5,501,000",https://d7i54qaggkyj3.cloudfront.net/thumb/property/JPEG/IJApfZtuqO.jpg,"room: 3, bathroom: 0, square: 1930"
"Emaar South, Dubai","AED 2,634,888",https://d7i54qaggkyj3.cloudfront.net/thumb/property/JPEG/vpCxMxsZSt.jpg,"room: 3, bathroom: 0, square: 2804"
"Business Bay, Dubai","AED 1,239,000",https://d7i54qaggkyj3.cloudfront.net/thumb/property/JPEG/lmddPykzcH.jpg,"room: 1, bathroom: 0, square: 628"
"Business Bay, Dubai","AED 1,220,000",https://d7i54qaggkyj3.cloudfront.net/thumb/property/JPEG/MYOgWdVBkR.jpg,"room: 1, bathroom: 0, square: 628"
"The Crescent, Dubai","AED 1,847,000",https://d7i54qaggkyj3.cloudfront.net/thumb/property/JPEG/wqzVPiFaZs.jpg,"room: 1, bathroom: 0, square: 831"
"Tilal Al Ghaf, Dubai","AED 6,700,000",https://d7i54qaggkyj3.cloudfront.net/thumb/property/JPEG/OofhGBuygi.jpg,"room: 5, bathroom: 0, square: 5677"
"Tilal Al Ghaf, Dubai","AED 6,199,000",https://d7i54qaggkyj3.cloudfront.net/thumb/property/JPEG/IUSFlkuRhB.jpg,"room: 5, bathroom: 0, square: 5677"
"Tilal Al Ghaf, Dubai","AED 10,000,000",https://d7i54qaggkyj3.cloudfront.net/thumb/property/JPEG/STBoKEGYww.jpg,"room: 6, bathroom: 0, square: 6515"
"Tilal Al Ghaf, Dubai","AED 7,194,000",https://d7i54qaggkyj3.cloudfront.net/thumb/property/JPEG/OgmQlZWknc.jpg,"room: 5, bathroom: 0, square: 5677"
"Tilal Al Ghaf, Dubai","AED 6,510,000",https://d7i54qaggkyj3.cloudfront.net/thumb/property/JPEG/porJSFXhyJ.jpg,"room: 5, bathroom: 0, square: 5677"
"Tilal Al Ghaf, Dubai","AED 6,563,000",https://d7i54qaggkyj3.cloudfront.net/thumb/property/JPEG/KgQsYTjgrL.jpg,"room: 5, bathroom: 0, square: 5677"
"Tilal Al Ghaf, Dubai","AED 6,616,000",https://d7i54qaggkyj3.cloudfront.net/thumb/property/JPEG/CahOQPpRBM.jpg,"room: 5, bathroom: 0, square: 5677"
"Tilal Al Ghaf, Dubai","AED 6,405,000",https://d7i54qaggkyj3.cloudfront.net/thumb/property/JPEG/iifXNxoAea.jpg,"room: 5, bathroom: 0, square: 5677"
"Tilal Al Ghaf, Dubai","AED 6,405,000",https://d7i54qaggkyj3.cloudfront.net/thumb/property/JPEG/RMdHIBzvGr.jpg,"room: 5, bathroom: 0, square: 5677"
"Town Square, Dubai","AED 860,888",https://d7i54qaggkyj3.cloudfront.net/thumb/property/JPEG/zqvIJkZKDP.jpg,"room: 2, bathroom: 0, square: 913"
"Town Square, Dubai","AED 610,888",https://d7i54qaggkyj3.cloudfront.net/thumb/property/JPEG/yGKUElCeZs.jpg,"room: 1, bathroom: 0, square: 550"
"Town Square, Dubai","AED 1,589,888",https://d7i54qaggkyj3.cloudfront.net/thumb/property/JPEG/SyytSRUdTq.jpg,"room: 3, bathroom: 0, square: 1451"
"Town Square, Dubai","AED 1,645,888",https://d7i54qaggkyj3.cloudfront.net/thumb/property/JPEG/FnfiLzLZAu.jpg,"room: 3, bathroom: 0, square: 1501"
"Town Square, Dubai","AED 1,630,888",https://d7i54qaggkyj3.cloudfront.net/thumb/property/JPEG/HCcmYyfqmS.jpg,"room: 7, bathroom: 0, square: 1397"
"Town Square, Dubai","AED 1,629,888",https://d7i54qaggkyj3.cloudfront.net/thumb/property/JPEG/kwLuYJwRPu.jpg,"room: 3, bathroom: 0, square: 1501"
"Akoya Oxygen, Dubai","AED 1,509,000",https://d7i54qaggkyj3.cloudfront.net/thumb/property/JPEG/EViFBZcAma.jpg,"room: 3, bathroom: 0, square: 2248"
"Akoya Oxygen, Dubai","AED 1,509,000",https://d7i54qaggkyj3.cloudfront.net/thumb/property/JPEG/InPeopqftJ.jpg,"room: 3, bathroom: 0, square: 2248"
"Akoya Oxygen, Dubai","AED 1,509,000",https://d7i54qaggkyj3.cloudfront.net/thumb/property/JPEG/puJNBWzaFM.jpg,"room: 3, bathroom: 0, square: 2248"
"Akoya Oxygen, Dubai","AED 1,509,000",https://d7i54qaggkyj3.cloudfront.net/thumb/property/JPEG/BnKqRZNOHe.jpg,"room: 3, bathroom: 0, square: 2248"
"Akoya Oxygen, Dubai","AED 1,509,000",https://d7i54qaggkyj3.cloudfront.net/thumb/property/JPEG/eYjtEfYJSh.jpg,"room: 3, bathroom: 0, square: 2248"
"Akoya Oxygen, Dubai","AED 1,515,000",https://d7i54qaggkyj3.cloudfront.net/thumb/property/JPEG/OkgCRwvibM.jpg,"room: 3, bathroom: 0, square: 1790"
"Akoya Oxygen, Dubai","AED 1,515,000",https://d7i54qaggkyj3.cloudfront.net/thumb/property/JPEG/SONDwFpxth.jpg,"room: 3, bathroom: 0, square: 1790"
"Akoya Oxygen, Dubai","AED 1,515,000",https://d7i54qaggkyj3.cloudfront.net/thumb/property/JPEG/RNLkFrFLGR.jpg,"room: 3, bathroom: 0, square: 1790"
"Akoya Oxygen, Dubai","AED 1,615,000",https://d7i54qaggkyj3.cloudfront.net/thumb/property/JPEG/FEHsdjnWtE.jpg,"room: 3, bathroom: 0, square: 1790"
"Akoya Oxygen, Dubai","AED 1,337,000",https://d7i54qaggkyj3.cloudfront.net/thumb/property/JPEG/iivTploKgy.jpg,"room: 3, bathroom: 0, square: 1828"
"Akoya Oxygen, Dubai","AED 1,899,000",https://d7i54qaggkyj3.cloudfront.net/thumb/property/JPEG/utAHniGYSi.jpg,"room: 5, bathroom: 0, square: 3172"
"Akoya Oxygen, Dubai","AED 1,017,000",https://d7i54qaggkyj3.cloudfront.net/thumb/property/JPEG/BuVnaOHltV.jpg,"room: 3, bathroom: 0, square: 1669"
"Akoya Oxygen, Dubai","AED 1,017,000",https://d7i54qaggkyj3.cloudfront.net/thumb/property/JPEG/CDBsuIujol.jpg,"room: 3, bathroom: 0, square: 1669"
"Akoya Oxygen, Dubai","AED 1,017,000",https://d7i54qaggkyj3.cloudfront.net/thumb/property/JPEG/pcusWCcFbu.jpg,"room: 3, bathroom: 0, square: 1669"
"Akoya Oxygen, Dubai","AED 1,117,000",https://d7i54qaggkyj3.cloudfront.net/thumb/property/JPEG/jFvNgJtHwM.jpg,"room: 3, bathroom: 0, square: 1696"
"Akoya Oxygen, Dubai","AED 595,000",https://d7i54qaggkyj3.cloudfront.net/thumb/property/JPEG/irhSBMPatL.jpg,"room: 1, bathroom: 0, square: 744"
"Town Square, Dubai","AED 1,569,888",https://d7i54qaggkyj3.cloudfront.net/thumb/property/JPEG/iocbiLflNG.jpg,"room: 3, bathroom: 0, square: 1453"
"Town Square, Dubai","AED 1,515,888",https://d7i54qaggkyj3.cloudfront.net/thumb/property/JPEG/CLvVmasZzQ.jpg,"room: 3, bathroom: 0, square: 1520"
"Town Square, Dubai","AED 640,888",https://d7i54qaggkyj3.cloudfront.net/thumb/property/JPEG/gBbtqaLRAK.jpg,"room: 1, bathroom: 0, square: 482"
"Town Square, Dubai","AED 620,888",https://d7i54qaggkyj3.cloudfront.net/thumb/property/JPEG/VMnoBBbGnC.jpg,"room: 1, bathroom: 0, square: 484"
"Business Bay, Dubai","AED 1,220,000",https://d7i54qaggkyj3.cloudfront.net/thumb/property/JPEG/PJerUEypdK.jpg,"room: 1, bathroom: 0, square: 629"
"Business Bay, Dubai","AED 1,239,000",https://d7i54qaggkyj3.cloudfront.net/thumb/property/JPEG/lmddPykzcH.jpg,"room: 1, bathroom: 0, square: 628"
"Business Bay, Dubai","AED 1,170,000",https://d7i54qaggkyj3.cloudfront.net/thumb/property/JPEG/ThacLiNSTn.jpg,"room: 1, bathroom: 0, square: 628"
"Business Bay, Dubai","AED 1,160,000",https://d7i54qaggkyj3.cloudfront.net/thumb/property/JPEG/FFTAmqSzFc.jpg,"room: 1, bathroom: 0, square: 628"
"Business Bay, Dubai","AED 1,160,000",https://d7i54qaggkyj3.cloudfront.net/thumb/property/JPEG/WttBlRXrMS.jpg,"room: 1, bathroom: 0, square: 628"
"Business Bay, Dubai","AED 1,040,000",https://d7i54qaggkyj3.cloudfront.net/thumb/property/JPEG/iENvxcwWup.jpg,"room: 1, bathroom: 0, square: 629"
"Business Bay, Dubai","AED 1,150,000",https://d7i54qaggkyj3.cloudfront.net/thumb/property/JPEG/lovdhzNNnS.jpg,"room: 1, bathroom: 0, square: 628"
"Business Bay, Dubai","AED 1,220,000",https://d7i54qaggkyj3.cloudfront.net/thumb/property/JPEG/MYOgWdVBkR.jpg,"room: 1, bathroom: 0, square: 628"
"Downtown Dubai, Dubai","AED 1,807,888",https://d7i54qaggkyj3.cloudfront.net/thumb/property/JPEG/VcyQlgChDw.jpg,"room: 1, bathroom: 0, square: 725"
"Downtown Dubai, Dubai","AED 1,778,888",https://d7i54qaggkyj3.cloudfront.net/thumb/property/JPEG/eJRcCmOens.jpg,"room: 1, bathroom: 0, square: 721"
"Downtown Dubai, Dubai","AED 1,771,888",https://d7i54qaggkyj3.cloudfront.net/thumb/property/JPEG/dkAIERCwOx.jpg,"room: 1, bathroom: 0, square: 721"
"Downtown Dubai, Dubai","AED 13,184,888",https://d7i54qaggkyj3.cloudfront.net/thumb/property/JPEG/fEnWtAEvbh.jpg,"room: 4, bathroom: 0, square: 5359"
"Mudon, Dubai","AED 1,502,000",https://d7i54qaggkyj3.cloudfront.net/thumb/property/JPEG/sKoavbovlS.jpg,"room: 3, bathroom: 0, square: 1544"
"Mudon, Dubai","AED 1,472,000",https://d7i54qaggkyj3.cloudfront.net/thumb/property/JPEG/xXuJmOsevD.jpg,"room: 3, bathroom: 0, square: 1544"
"Downtown Dubai, Dubai","AED 3,012,946",https://d7i54qaggkyj3.cloudfront.net/thumb/property/JPEG/kOjnbhRjpJ.jpg,"room: 2, bathroom: 0, square: 1449"
"Downtown Dubai, Dubai","AED 3,189,756",https://d7i54qaggkyj3.cloudfront.net/thumb/property/JPEG/zTwNaympXH.jpg,"room: 2, bathroom: 0, square: 1452"
"Downtown Dubai, Dubai","AED 3,085,986",https://d7i54qaggkyj3.cloudfront.net/thumb/property/JPEG/JUlWCidyOR.jpg,"room: 2, bathroom: 0, square: 1449"
"Downtown Dubai, Dubai","AED 3,180,962",https://d7i54qaggkyj3.cloudfront.net/thumb/property/JPEG/szBTpEznrx.jpg,"room: 2, bathroom: 0, square: 1508"
"Downtown Dubai, Dubai","AED 3,596,359",https://d7i54qaggkyj3.cloudfront.net/thumb/property/JPEG/eSEuRBiNtw.jpg,"room: 2, bathroom: 0, square: 1735"
"Dubai Marina, Dubai","AED 1,925,548",https://d7i54qaggkyj3.cloudfront.net/thumb/property/JPEG/iLFhApBEdr.jpg,"room: 1, bathroom: 0, square: 991"
"Dubai Marina, Dubai","AED 11,998,548",https://d7i54qaggkyj3.cloudfront.net/thumb/property/JPEG/CRpNJwssBS.jpg,"room: 4, bathroom: 0, square: 4660"
"Tilal Al Ghaf, Dubai","AED 6,405,000",https://d7i54qaggkyj3.cloudfront.net/thumb/property/JPEG/RMdHIBzvGr.jpg,"room: 5, bathroom: 0, square: 5677"
"Tilal Al Ghaf, Dubai","AED 6,405,000",https://d7i54qaggkyj3.cloudfront.net/thumb/property/JPEG/iifXNxoAea.jpg,"room: 5, bathroom: 0, square: 5677"
"Tilal Al Ghaf, Dubai","AED 6,616,000",https://d7i54qaggkyj3.cloudfront.net/thumb/property/JPEG/CahOQPpRBM.jpg,"room: 5, bathroom: 0, square: 5677"
"Tilal Al Ghaf, Dubai","AED 6,563,000",https://d7i54qaggkyj3.cloudfront.net/thumb/property/JPEG/KgQsYTjgrL.jpg,"room: 5, bathroom: 0, square: 5677"
"Tilal Al Ghaf, Dubai","AED 6,510,000",https://d7i54qaggkyj3.cloudfront.net/thumb/property/JPEG/porJSFXhyJ.jpg,"room: 5, bathroom: 0, square: 5677"
"Damac Hills, Dubai","AED 1,448,000",https://d7i54qaggkyj3.cloudfront.net/thumb/property/JPEG/hBWinDBybQ.jpg,"room: 1, bathroom: 0, square: 1303"
"Damac Hills, Dubai","AED 1,450,000",https://d7i54qaggkyj3.cloudfront.net/thumb/property/JPEG/shnZeUZLPy.jpg,"room: 2, bathroom: 0, square: 1487"
"The Crescent, Dubai","AED 8,132,000",https://d7i54qaggkyj3.cloudfront.net/thumb/property/JPEG/FUsZYKosro.jpg,"room: 2, bathroom: 0, square: 1790"
"The Crescent, Dubai","AED 11,425,000",https://d7i54qaggkyj3.cloudfront.net/thumb/property/JPEG/MReltPuBPN.jpg,"room: 2, bathroom: 0, square: 2520"
"The Crescent, Dubai","AED 11,322,000",https://d7i54qaggkyj3.cloudfront.net/thumb/property/JPEG/AeDnGVgLsJ.jpg,"room: 2, bathroom: 0, square: 2571"
"The Crescent, Dubai","AED 7,527,000",https://d7i54qaggkyj3.cloudfront.net/thumb/property/JPEG/KpuXSaMsIl.jpg,"room: 2, bathroom: 0, square: 1685"
"The Crescent, Dubai","AED 8,337,000",https://d7i54qaggkyj3.cloudfront.net/thumb/property/JPEG/mfgdQrXJoB.jpg,"room: 2, bathroom: 0, square: 1942"
"The Crescent, Dubai","AED 7,940,000",https://d7i54qaggkyj3.cloudfront.net/thumb/property/JPEG/MDfFSMHKKB.jpg,"room: 2, bathroom: 0, square: 1787"
"The Crescent, Dubai","AED 7,308,000",https://d7i54qaggkyj3.cloudfront.net/thumb/property/JPEG/rjDNimGoUa.jpg,"room: 2, bathroom: 0, square: 1733"
"The Crescent, Dubai","AED 7,200,000",https://d7i54qaggkyj3.cloudfront.net/thumb/property/JPEG/nhjSVvzFuE.jpg,"room: 2, bathroom: 0, square: 1686"
"The Crescent, Dubai","AED 8,440,000",https://d7i54qaggkyj3.cloudfront.net/thumb/property/JPEG/ELQUYsosTm.jpg,"room: 2, bathroom: 0, square: 1953"
"The Crescent, Dubai","AED 8,234,000",https://d7i54qaggkyj3.cloudfront.net/thumb/property/JPEG/vEPKXRqgAO.jpg,"room: 2, bathroom: 0, square: 1944"
"The Crescent, Dubai","AED 11,997,000",https://d7i54qaggkyj3.cloudfront.net/thumb/property/JPEG/haiwFlBSEm.jpg,"room: 2, bathroom: 0, square: 2564"
"The Crescent, Dubai","AED 11,322,000",https://d7i54qaggkyj3.cloudfront.net/thumb/property/JPEG/aDuFnvzOTd.jpg,"room: 2, bathroom: 0, square: 2596"
"The Crescent, Dubai","AED 11,322,000",https://d7i54qaggkyj3.cloudfront.net/thumb/property/JPEG/MstiEjVVuD.jpg,"room: 2, bathroom: 0, square: 2593"
"The Crescent, Dubai","AED 5,240,000",https://d7i54qaggkyj3.cloudfront.net/thumb/property/JPEG/oYSQJcwGAp.jpg,"room: 2, bathroom: 0, square: 1464"
"The Crescent, Dubai","AED 12,000,000",https://d7i54qaggkyj3.cloudfront.net/thumb/property/JPEG/VDeTDkYorL.jpg,"room: 4, bathroom: 0, square: 2892"
"The Crescent, Dubai","AED 11,500,000",https://d7i54qaggkyj3.cloudfront.net/thumb/property/JPEG/PYxMRXokmF.jpg,"room: 4, bathroom: 0, square: 2892"
"Emaar Beachfront, Dubai","AED 4,022,888",https://d7i54qaggkyj3.cloudfront.net/thumb/property/JPEG/HPzjGQlEqr.jpg,"room: 2, bathroom: 0, square: 1277"
"Emaar Beachfront, Dubai","AED 5,025,888",https://d7i54qaggkyj3.cloudfront.net/thumb/property/JPEG/sAEYWjpvXd.jpg,"room: 3, bathroom: 0, square: 1700"
"Emaar Beachfront, Dubai","AED 5,054,888",https://d7i54qaggkyj3.cloudfront.net/thumb/property/JPEG/MtZKWzVkKS.jpg,"room: 3, bathroom: 0, square: 1700"
"Emaar Beachfront, Dubai","AED 3,926,888",https://d7i54qaggkyj3.cloudfront.net/thumb/property/JPEG/qjVydrnpQK.jpg,"room: 2, bathroom: 0, square: 1277"
"Emaar Beachfront, Dubai","AED 5,074,888",https://d7i54qaggkyj3.cloudfront.net/thumb/property/JPEG/QZtQXKznTF.jpg,"room: 3, bathroom: 0, square: 1700"
"Emaar Beachfront, Dubai","AED 3,744,888",https://d7i54qaggkyj3.cloudfront.net/thumb/property/JPEG/NcMEcwQrfY.jpg,"room: 2, bathroom: 0, square: 1147"
"Emaar Beachfront, Dubai","AED 4,829,888",https://d7i54qaggkyj3.cloudfront.net/thumb/property/JPEG/TQKdOjYEdI.jpg,"room: 3, bathroom: 0, square: 1763"
"Emaar Beachfront, Dubai","AED 2,931,888",https://d7i54qaggkyj3.cloudfront.net/thumb/property/JPEG/jBqlWiVhqN.jpg,"room: 2, bathroom: 2, square: 1179"
"Downtown Dubai, Dubai","AED 1,585,888",https://d7i54qaggkyj3.cloudfront.net/thumb/property/JPEG/uuUEZepVpb.jpg,"room: 1, bathroom: 1, square: 607"
"Emaar Beachfront, Dubai","AED 2,988,888",https://d7i54qaggkyj3.cloudfront.net/thumb/property/JPEG/qKgwNKnGXn.jpg,"room: 2, bathroom: 2, square: 1179"
"Emaar Beachfront, Dubai","AED 3,262,888",https://d7i54qaggkyj3.cloudfront.net/thumb/property/JPEG/RuINxqPWYg.jpg,"room: 2, bathroom: 2, square: 1147"
"Emaar Beachfront, Dubai","AED 2,993,888",https://d7i54qaggkyj3.cloudfront.net/thumb/property/JPEG/vqMsxrwYjB.jpg,"room: 2, bathroom: 0, square: 1143"
"Emaar Beachfront, Dubai","AED 5,910,888",https://d7i54qaggkyj3.cloudfront.net/thumb/property/JPEG/pbMXsvwPvR.jpg,"room: 3, bathroom: 0, square: 1925"
"Dubai Marina, Dubai","AED 2,018,888",https://d7i54qaggkyj3.cloudfront.net/thumb/property/JPEG/sXHwpCRkdF.jpg,"room: 1, bathroom: 0, square: 903"
"Emaar Beachfront, Dubai","AED 3,021,888",https://d7i54qaggkyj3.cloudfront.net/thumb/property/JPEG/SYXpMasOyW.jpg,"room: 2, bathroom: 0, square: 1144"
"Emaar Beachfront, Dubai","AED 5,910,888",https://d7i54qaggkyj3.cloudfront.net/thumb/property/JPEG/ZwgENVpRuT.jpg,"room: 3, bathroom: 0, square: 1926"
"Emaar Beachfront, Dubai","AED 5,910,888",https://d7i54qaggkyj3.cloudfront.net/thumb/property/JPEG/CWfvovzvDK.jpg,"room: 3, bathroom: 0, square: 1925"
"Emaar Beachfront, Dubai","AED 5,910,888",https://d7i54qaggkyj3.cloudfront.net/thumb/property/JPEG/UmnfxLJqoE.jpg,"room: 3, bathroom: 0, square: 1925"
"Dubai Marina, Dubai","AED 1,964,888",https://d7i54qaggkyj3.cloudfront.net/thumb/property/JPEG/RPOnCMECNx.jpg,"room: 1, bathroom: 0, square: 892"
"Dubai Hills, Dubai","AED 2,210,888",https://d7i54qaggkyj3.cloudfront.net/thumb/property/JPEG/YWAyMizBHZ.jpg,"room: 3, bathroom: 0, square: 1602"
"Dubai Hills, Dubai","AED 2,168,888",https://d7i54qaggkyj3.cloudfront.net/thumb/property/JPEG/qgGeCNpyGF.jpg,"room: 3, bathroom: 0, square: 1603"
"Dubai Hills, Dubai","AED 4,240,888",https://d7i54qaggkyj3.cloudfront.net/thumb/property/JPEG/btBuZjRYak.jpg,"room: 4, bathroom: 0, square: 2387"
"Dubai Hills, Dubai","AED 4,805,888",https://d7i54qaggkyj3.cloudfront.net/thumb/property/JPEG/WLVxrOiyTO.jpg,"room: 5, bathroom: 0, square: 2700"
"Dubai Hills, Dubai","AED 4,577,888",https://d7i54qaggkyj3.cloudfront.net/thumb/property/JPEG/exDHwhrCpy.jpg,"room: 5, bathroom: 0, square: 2700"
"Dubai Hills, Dubai","AED 4,283,888",https://d7i54qaggkyj3.cloudfront.net/thumb/property/JPEG/SgTXQnpwjC.jpg,"room: 4, bathroom: 0, square: 2387"
"Dubai Hills, Dubai","AED 4,344,888",https://d7i54qaggkyj3.cloudfront.net/thumb/property/JPEG/UoUFZlluef.jpg,"room: 4, bathroom: 0, square: 2462"
"Dubai Hills, Dubai","AED 4,404,888",https://d7i54qaggkyj3.cloudfront.net/thumb/property/JPEG/KyeDsxpZny.jpg,"room: 4, bathroom: 4, square: 2462"
"Palm Jumeirah, Dubai","AED 39,000,000",https://d7i54qaggkyj3.cloudfront.net/thumb/property/JPEG/oGIdDdNJxR.jpg,"room: 3, bathroom: 0, square: 4355"
"Palm Jumeirah, Dubai","AED 34,400,000",https://d7i54qaggkyj3.cloudfront.net/thumb/property/JPEG/DfwMziZZKO.jpg,"room: 4, bathroom: 0, square: 4414"
"Palm Jumeirah, Dubai","AED 52,000,000",https://d7i54qaggkyj3.cloudfront.net/thumb/property/JPEG/iazNDaAWpR.jpg,"room: 5, bathroom: 0, square: 7266"
"Palm Jumeirah, Dubai","AED 23,937,900",https://d7i54qaggkyj3.cloudfront.net/thumb/property/JPEG/MRbWTRkClP.jpg,"room: 4, bathroom: 0, square: 4050"
"Business Bay, Dubai","AED 31,494,750",https://d7i54qaggkyj3.cloudfront.net/thumb/property/JPEG/BOFkYnbNJX.jpg,"room: 4, bathroom: 0, square: 5754"
"Business Bay, Dubai","AED 56,589,750",https://d7i54qaggkyj3.cloudfront.net/thumb/property/JPEG/HmcLSvOGwg.jpg,"room: 5, bathroom: 0, square: 9100"
"Business Bay, Dubai","AED 32,392,500",https://d7i54qaggkyj3.cloudfront.net/thumb/property/JPEG/BhlmwiuZMG.jpg,"room: 4, bathroom: 0, square: 5761"
"Business Bay, Dubai","AED 32,497,500",https://d7i54qaggkyj3.cloudfront.net/thumb/property/JPEG/rVPaRrefle.jpg,"room: 4, bathroom: 0, square: 5763"
"Business Bay, Dubai","AED 32,544,750",https://d7i54qaggkyj3.cloudfront.net/thumb/property/JPEG/eSVBjJwgvw.jpg,"room: 4, bathroom: 0, square: 5751"
"Downtown Dubai, Dubai","AED 1,589,888",https://d7i54qaggkyj3.cloudfront.net/thumb/property/JPEG/VMxwHNAQik.jpg,"room: 1, bathroom: 1, square: 607"
"Business Bay, Dubai","AED 33,547,500",https://d7i54qaggkyj3.cloudfront.net/thumb/property/JPEG/VwNDaqwIto.jpg,"room: 4, bathroom: 0, square: 5759"
"Downtown Dubai, Dubai","AED 1,771,888",https://d7i54qaggkyj3.cloudfront.net/thumb/property/JPEG/dkAIERCwOx.jpg,"room: 1, bathroom: 0, square: 721"
"Business Bay, Dubai","AED 33,489,750",https://d7i54qaggkyj3.cloudfront.net/thumb/property/JPEG/VnKorKsuFc.jpg,"room: 4, bathroom: 0, square: 6406"
"Business Bay, Dubai","AED 33,594,750",https://d7i54qaggkyj3.cloudfront.net/thumb/property/JPEG/rSUlcJoVyJ.jpg,"room: 4, bathroom: 0, square: 5779"
"Business Bay, Dubai","AED 33,594,750",https://d7i54qaggkyj3.cloudfront.net/thumb/property/JPEG/moaurhnyWn.jpg,"room: 4, bathroom: 0, square: 6421"
"Business Bay, Dubai","AED 2,016,097",https://d7i54qaggkyj3.cloudfront.net/thumb/property/JPEG/IYDuiZyaxV.jpg,"room: 1, bathroom: 0, square: 1143"
"Downtown Dubai, Dubai","AED 1,778,888",https://d7i54qaggkyj3.cloudfront.net/thumb/property/JPEG/eJRcCmOens.jpg,"room: 1, bathroom: 0, square: 721"
"Business Bay, Dubai","AED 2,788,243",https://d7i54qaggkyj3.cloudfront.net/thumb/property/JPEG/hlMCfBVzbK.jpg,"room: 2, bathroom: 0, square: 1681"
"Business Bay, Dubai","AED 2,933,385",https://d7i54qaggkyj3.cloudfront.net/thumb/property/JPEG/KPRuaiPTho.jpg,"room: 2, bathroom: 0, square: 1663"
"Business Bay, Dubai","AED 1,963,770",https://d7i54qaggkyj3.cloudfront.net/thumb/property/JPEG/BdlbURkQAS.jpg,"room: 1, bathroom: 0, square: 1184"
"Business Bay, Dubai","AED 1,980,780",https://d7i54qaggkyj3.cloudfront.net/thumb/property/JPEG/sVNgVzYiOJ.jpg,"room: 1, bathroom: 0, square: 1123"
"Downtown Dubai, Dubai","AED 3,189,756",https://d7i54qaggkyj3.cloudfront.net/thumb/property/JPEG/zTwNaympXH.jpg,"room: 2, bathroom: 0, square: 1452"
"Downtown Dubai, Dubai","AED 3,012,946",https://d7i54qaggkyj3.cloudfront.net/thumb/property/JPEG/kOjnbhRjpJ.jpg,"room: 2, bathroom: 0, square: 1449"
"Downtown Dubai, Dubai","AED 3,131,320",https://d7i54qaggkyj3.cloudfront.net/thumb/property/JPEG/ceEJsDHtZx.jpg,"room: 2, bathroom: 0, square: 1452"
"Downtown Dubai, Dubai","AED 3,490,168",https://d7i54qaggkyj3.cloudfront.net/thumb/property/JPEG/AFrtdiOCQp.jpg,"room: 2, bathroom: 0, square: 1691"
"Downtown Dubai, Dubai","AED 2,590,799",https://d7i54qaggkyj3.cloudfront.net/thumb/property/JPEG/DfkpoAZbWW.jpg,"room: 1, bathroom: 0, square: 1153"
"Downtown Dubai, Dubai","AED 1,750,291",https://d7i54qaggkyj3.cloudfront.net/thumb/property/JPEG/wdYgFa20b.jpeg,"room: 1, bathroom: 1, square: 892"
"Dubai Creek Harbour, Dubai","AED 3,279,888",https://d7i54qaggkyj3.cloudfront.net/thumb/property/JPEG/DgxkqraiXT.jpg,"room: 3, bathroom: 0, square: 1605"
"Dubai Creek Harbour, Dubai","AED 3,246,888",https://d7i54qaggkyj3.cloudfront.net/thumb/property/JPEG/lUakFiGESF.jpg,"room: 3, bathroom: 0, square: 1581"
"Dubai Creek Harbour, Dubai","AED 3,242,888",https://d7i54qaggkyj3.cloudfront.net/thumb/property/JPEG/XQuSidEMkj.jpg,"room: 3, bathroom: 0, square: 1593"
"Dubai Creek Harbour, Dubai","AED 3,242,888",https://d7i54qaggkyj3.cloudfront.net/thumb/property/JPEG/qYcCiVDdwo.jpg,"room: 3, bathroom: 0, square: 1593"
"Dubai Creek Harbour, Dubai","AED 3,237,888",https://d7i54qaggkyj3.cloudfront.net/thumb/property/JPEG/tiXfGrJlTI.jpg,"room: 3, bathroom: 0, square: 1593"
"Dubai Creek Harbour, Dubai","AED 3,237,888",https://d7i54qaggkyj3.cloudfront.net/thumb/property/JPEG/FQJRgQeKrU.jpg,"room: 3, bathroom: 0, square: 1593"
"Dubai Creek Harbour, Dubai","AED 3,229,888",https://d7i54qaggkyj3.cloudfront.net/thumb/property/JPEG/DMqEkWhZyl.jpg,"room: 3, bathroom: 0, square: 1593"
"Dubai Creek Harbour, Dubai","AED 3,221,888",https://d7i54qaggkyj3.cloudfront.net/thumb/property/JPEG/BCQJdOZaWQ.jpg,"room: 3, bathroom: 0, square: 1593"
"Dubai Creek Harbour, Dubai","AED 3,221,888",https://d7i54qaggkyj3.cloudfront.net/thumb/property/JPEG/MhYEiWzIVs.jpg,"room: 3, bathroom: 0, square: 1593"
"Dubai Creek Harbour, Dubai","AED 2,144,888",https://d7i54qaggkyj3.cloudfront.net/thumb/property/JPEG/aikuUAGojM.jpg,"room: 2, bathroom: 0, square: 1069"
"Downtown Dubai, Dubai","AED 1,715,888",https://d7i54qaggkyj3.cloudfront.net/thumb/property/JPEG/wpUSchbrWy.jpg,"room: 1, bathroom: 1, square: 657"
"Downtown Dubai, Dubai","AED 1,752,888",https://d7i54qaggkyj3.cloudfront.net/thumb/property/JPEG/drFlrlVfBU.jpg,"room: 1, bathroom: 0, square: 735"
"Downtown Dubai, Dubai","AED 1,922,888",https://d7i54qaggkyj3.cloudfront.net/thumb/property/JPEG/EatFsqrcJZ.jpg,"room: 1, bathroom: 1, square: 740"
"Downtown Dubai, Dubai","AED 1,922,888",https://d7i54qaggkyj3.cloudfront.net/thumb/property/JPEG/fEWMSpihJp.jpg,"room: 1, bathroom: 1, square: 740"
"Downtown Dubai, Dubai","AED 2,998,888",https://d7i54qaggkyj3.cloudfront.net/thumb/property/JPEG/HmEeyBhjbY.jpg,"room: 3, bathroom: 0, square: 1352"
"Downtown Dubai, Dubai","AED 3,005,888",https://d7i54qaggkyj3.cloudfront.net/thumb/property/JPEG/xIksikZucV.jpg,"room: 3, bathroom: 0, square: 1352"
"Downtown Dubai, Dubai","AED 2,177,888",https://d7i54qaggkyj3.cloudfront.net/thumb/property/JPEG/LxuYTwaiin.jpg,"room: 2, bathroom: 0, square: 998"
"Downtown Dubai, Dubai","AED 3,011,888",https://d7i54qaggkyj3.cloudfront.net/thumb/property/JPEG/nLxBJWOaxe.jpg,"room: 3, bathroom: 0, square: 1352"
"Downtown Dubai, Dubai","AED 3,017,888",https://d7i54qaggkyj3.cloudfront.net/thumb/property/JPEG/ArOEngixne.jpg,"room: 3, bathroom: 0, square: 1352"
"Downtown Dubai, Dubai","AED 13,184,888",https://d7i54qaggkyj3.cloudfront.net/thumb/property/JPEG/fEnWtAEvbh.jpg,"room: 4, bathroom: 0, square: 5359"
"Downtown Dubai, Dubai","AED 6,138,888",https://d7i54qaggkyj3.cloudfront.net/thumb/property/JPEG/aZUqaiiOyb.jpg,"room: 4, bathroom: 0, square: 2977"
"Downtown Dubai, Dubai","AED 6,275,888",https://d7i54qaggkyj3.cloudfront.net/thumb/property/JPEG/zODJXSbsGS.jpg,"room: 4, bathroom: 0, square: 3039"
"Downtown Dubai, Dubai","AED 3,759,888",https://d7i54qaggkyj3.cloudfront.net/thumb/property/JPEG/lWFmFdirdH.jpg,"room: 3, bathroom: 0, square: 2432"
"Downtown Dubai, Dubai","AED 2,731,888",https://d7i54qaggkyj3.cloudfront.net/thumb/property/JPEG/weopLWHfrI.jpg,"room: 2, bathroom: 0, square: 1706"
"Downtown Dubai, Dubai","AED 3,598,888",https://d7i54qaggkyj3.cloudfront.net/thumb/property/JPEG/pwUBWoRINM.jpg,"room: 3, bathroom: 0, square: 1935"
"Downtown Dubai, Dubai","AED 3,913,888",https://d7i54qaggkyj3.cloudfront.net/thumb/property/JPEG/pWXBDKwjdK.jpg,"room: 3, bathroom: 0, square: 1784"
"Downtown Dubai, Dubai","AED 2,347,888",https://d7i54qaggkyj3.cloudfront.net/thumb/property/JPEG/gVDBZSBYgx.jpg,"room: 2, bathroom: 2, square: 1083"
"Dubai Hills, Dubai","AED 2,493,888",https://d7i54qaggkyj3.cloudfront.net/thumb/property/JPEG/fTBADTuwqX.jpg,"room: 2, bathroom: 0, square: 1895"
"Dubai Hills, Dubai","AED 2,654,888",https://d7i54qaggkyj3.cloudfront.net/thumb/property/JPEG/WsxOFYhaSe.jpg,"room: 3, bathroom: 0, square: 2207"
"Dubai Hills, Dubai","AED 4,110,888",https://d7i54qaggkyj3.cloudfront.net/thumb/property/JPEG/uizRJzejjh.jpg,"room: 3, bathroom: 0, square: 3414"
"Dubai Hills, Dubai","AED 2,011,888",https://d7i54qaggkyj3.cloudfront.net/thumb/property/JPEG/YDHKvrCkfI.jpg,"room: 2, bathroom: 0, square: 1297"
"Dubai Hills, Dubai","AED 1,911,888",https://d7i54qaggkyj3.cloudfront.net/thumb/property/JPEG/OsPoJenhHy.jpg,"room: 2, bathroom: 0, square: 1297"
"Downtown Dubai, Dubai","AED 2,295,000",https://d7i54qaggkyj3.cloudfront.net/thumb/property/JPEG/TuX3gQOH7.jpeg,"room: 2, bathroom: 3, square: 1981"
"Downtown Dubai, Dubai","AED 1,999,999",https://d7i54qaggkyj3.cloudfront.net/thumb/property/JPEG/km3McLop7.jpeg,"room: 1, bathroom: 2, square: 1358"
"Old Town, Dubai","AED 1,315,000",https://d7i54qaggkyj3.cloudfront.net/thumb/property/JPEG/dhpwGiWxjY.jpg,"room: 2, bathroom: 0, square: 1369"
"Old Town, Dubai","AED 1,410,000",https://d7i54qaggkyj3.cloudfront.net/thumb/property/JPEG/ssyjzGyesy.jpg,"room: 2, bathroom: 0, square: 1369"
"Old Town, Dubai","AED 1,349,000",https://d7i54qaggkyj3.cloudfront.net/thumb/property/JPEG/iicozmGNAR.jpg,"room: 2, bathroom: 0, square: 1369"
"Old Town, Dubai","AED 1,364,000",https://d7i54qaggkyj3.cloudfront.net/thumb/property/JPEG/CoUZwMlukA.jpg,"room: 2, bathroom: 0, square: 1377"
"Old Town, Dubai","AED 1,133,000",https://d7i54qaggkyj3.cloudfront.net/thumb/property/JPEG/mclcTaVoLs.jpg,"room: 1, bathroom: 0, square: 1023"
"Old Town, Dubai","AED 1,128,000",https://d7i54qaggkyj3.cloudfront.net/thumb/property/JPEG/zGzZXljwYz.jpg,"room: 1, bathroom: 0, square: 1023"
"Old Town, Dubai","AED 1,081,000",https://d7i54qaggkyj3.cloudfront.net/thumb/property/JPEG/vjEFsdgZVV.jpg,"room: 1, bathroom: 0, square: 1023"
"Old Town, Dubai","AED 1,071,000",https://d7i54qaggkyj3.cloudfront.net/thumb/property/JPEG/JjaJDTaYtd.jpg,"room: 1, bathroom: 0, square: 1023"
"Dubai Creek Harbour, Dubai","AED 3,368,888",https://d7i54qaggkyj3.cloudfront.net/thumb/property/JPEG/azudTLZXNJ.jpg,"room: 3, bathroom: 4, square: 1669"
"Dubai Creek Harbour, Dubai","AED 3,318,888",https://d7i54qaggkyj3.cloudfront.net/thumb/property/JPEG/buYDjxeFYk.jpg,"room: 3, bathroom: 4, square: 1589"
"Town Square, Dubai","AED 610,888",https://d7i54qaggkyj3.cloudfront.net/thumb/property/JPEG/yGKUElCeZs.jpg,"room: 1, bathroom: 0, square: 550"
"Dubai Creek Harbour, Dubai","AED 2,144,888",https://d7i54qaggkyj3.cloudfront.net/thumb/property/JPEG/aikuUAGojM.jpg,"room: 2, bathroom: 0, square: 1069"
"Dubai Creek Harbour, Dubai","AED 3,221,888",https://d7i54qaggkyj3.cloudfront.net/thumb/property/JPEG/MhYEiWzIVs.jpg,"room: 3, bathroom: 0, square: 1593"
"Dubai Creek Harbour, Dubai","AED 3,237,888",https://d7i54qaggkyj3.cloudfront.net/thumb/property/JPEG/FQJRgQeKrU.jpg,"room: 3, bathroom: 0, square: 1593"
"Dubai Creek Harbour, Dubai","AED 3,237,888",https://d7i54qaggkyj3.cloudfront.net/thumb/property/JPEG/tiXfGrJlTI.jpg,"room: 3, bathroom: 0, square: 1593"
"Dubai Creek Harbour, Dubai","AED 3,242,888",https://d7i54qaggkyj3.cloudfront.net/thumb/property/JPEG/qYcCiVDdwo.jpg,"room: 3, bathroom: 0, square: 1593"
"Dubai Creek Harbour, Dubai","AED 3,242,888",https://d7i54qaggkyj3.cloudfront.net/thumb/property/JPEG/XQuSidEMkj.jpg,"room: 3, bathroom: 0, square: 1593"
"Dubai Creek Harbour, Dubai","AED 3,246,888",https://d7i54qaggkyj3.cloudfront.net/thumb/property/JPEG/lUakFiGESF.jpg,"room: 3, bathroom: 0, square: 1581"
"Dubai Creek Harbour, Dubai","AED 3,279,888",https://d7i54qaggkyj3.cloudfront.net/thumb/property/JPEG/DgxkqraiXT.jpg,"room: 3, bathroom: 0, square: 1605"
"Creek Beach, Dubai","AED 2,352,888",https://d7i54qaggkyj3.cloudfront.net/thumb/property/JPEG/OnXONxsSeE.jpg,"room: 3, bathroom: 4, square: 1492"
"Creek Beach, Dubai","AED 2,357,888",https://d7i54qaggkyj3.cloudfront.net/thumb/property/JPEG/oprZPIedGO.jpg,"room: 3, bathroom: 4, square: 1492"
"Creek Beach, Dubai","AED 2,362,888",https://d7i54qaggkyj3.cloudfront.net/thumb/property/JPEG/vvfwaiDDfc.jpg,"room: 3, bathroom: 4, square: 1492"
"Creek Beach, Dubai","AED 2,410,888",https://d7i54qaggkyj3.cloudfront.net/thumb/property/JPEG/XSkEdDHYoe.jpg,"room: 3, bathroom: 4, square: 1526"
"Creek Beach, Dubai","AED 2,415,888",https://d7i54qaggkyj3.cloudfront.net/thumb/property/JPEG/IWJjgRMLHL.jpg,"room: 3, bathroom: 4, square: 1526"
"Business Bay, Dubai","AED 2,933,385",https://d7i54qaggkyj3.cloudfront.net/thumb/property/JPEG/KPRuaiPTho.jpg,"room: 2, bathroom: 0, square: 1663"
"Business Bay, Dubai","AED 2,788,243",https://d7i54qaggkyj3.cloudfront.net/thumb/property/JPEG/hlMCfBVzbK.jpg,"room: 2, bathroom: 0, square: 1681"
"Business Bay, Dubai","AED 2,016,097",https://d7i54qaggkyj3.cloudfront.net/thumb/property/JPEG/IYDuiZyaxV.jpg,"room: 1, bathroom: 0, square: 1143"
not found,under contract,not found,"room: not found, bathroom: not found, square: not found"
not found,under contract,not found,"room: not found, bathroom: not found, square: not found"
not found,under contract,not found,"room: not found, bathroom: not found, square: not found"
not found,under contract,not found,"room: not found, bathroom: not found, square: not found"
not found,under contract,not found,"room: not found, bathroom: not found, square: not found"
"Business Bay, Dubai","AED 1,462,168",https://d7i54qaggkyj3.cloudfront.net/thumb/property/JPEG/viOhbwCZcE.jpg,"room: 1, bathroom: 0, square: 1033"
"Business Bay, Dubai","AED 1,379,769",https://d7i54qaggkyj3.cloudfront.net/thumb/property/JPEG/XKpOCzlhwP.jpg,"room: 1, bathroom: 0, square: 975"
"Business Bay, Dubai","AED 1,462,168",https://d7i54qaggkyj3.cloudfront.net/thumb/property/JPEG/ZZcNEcLCuF.jpg,"room: 1, bathroom: 0, square: 1033"
"Business Bay, Dubai","AED 1,379,769",https://d7i54qaggkyj3.cloudfront.net/thumb/property/JPEG/OOAkeAhbfd.jpg,"room: 1, bathroom: 0, square: 975"
"Business Bay, Dubai","AED 1,462,168",https://d7i54qaggkyj3.cloudfront.net/thumb/property/JPEG/GfNPBMwFDf.jpg,"room: 1, bathroom: 0, square: 1033"
"Business Bay, Dubai","AED 1,379,769",https://d7i54qaggkyj3.cloudfront.net/thumb/property/JPEG/IHMcCZXkwG.jpg,"room: 1, bathroom: 0, square: 975"
"Business Bay, Dubai","AED 1,462,168",https://d7i54qaggkyj3.cloudfront.net/thumb/property/JPEG/ZglCgpLXxl.jpg,"room: 1, bathroom: 0, square: 1033"
"Business Bay, Dubai","AED 1,379,769",https://d7i54qaggkyj3.cloudfront.net/thumb/property/JPEG/vVFdhnfBck.jpg,"room: 1, bathroom: 0, square: 975"
"Business Bay, Dubai","AED 1,462,168",https://d7i54qaggkyj3.cloudfront.net/thumb/property/JPEG/XLUAmzzmHa.jpg,"room: 1, bathroom: 0, square: 1033"
"Business Bay, Dubai","AED 1,379,769",https://d7i54qaggkyj3.cloudfront.net/thumb/property/JPEG/lFaVHPOmfY.jpg,"room: 1, bathroom: 0, square: 975"
"Business Bay, Dubai","AED 1,462,168",https://d7i54qaggkyj3.cloudfront.net/thumb/property/JPEG/YgqHgqWDRl.jpg,"room: 1, bathroom: 0, square: 1033"
"Business Bay, Dubai","AED 35,574,000",https://d7i54qaggkyj3.cloudfront.net/thumb/property/JPEG/fsUBBJawb.jpeg,"room: 5, bathroom: 6, square: 10780"
"Business Bay, Dubai","AED 2,203,296",https://d7i54qaggkyj3.cloudfront.net/thumb/property/JPEG/sqhILVgpcj.jpg,"room: 2, bathroom: 0, square: 1415"
"Business Bay, Dubai","AED 2,200,464",https://d7i54qaggkyj3.cloudfront.net/thumb/property/JPEG/gAmlwVHZhh.jpg,"room: 2, bathroom: 0, square: 1415"
"Business Bay, Dubai","AED 2,180,640",https://d7i54qaggkyj3.cloudfront.net/thumb/property/JPEG/OOfFFqPlns.jpg,"room: 2, bathroom: 0, square: 1320"
"Business Bay, Dubai","AED 2,170,080",https://d7i54qaggkyj3.cloudfront.net/thumb/property/JPEG/TirjYLreLE.jpg,"room: 2, bathroom: 0, square: 1320"
"Business Bay, Dubai","AED 2,110,710",https://d7i54qaggkyj3.cloudfront.net/thumb/property/JPEG/vwVlbRpyYY.jpg,"room: 2, bathroom: 0, square: 1330"
"Business Bay, Dubai","AED 2,102,730",https://d7i54qaggkyj3.cloudfront.net/thumb/property/JPEG/aDhONszyqR.jpg,"room: 2, bathroom: 0, square: 1330"
"Business Bay, Dubai","AED 3,596,888",https://d7i54qaggkyj3.cloudfront.net/thumb/property/JPEG/dUOYkHTbdy.jpg,"room: 2, bathroom: 0, square: 1921"
"Business Bay, Dubai","AED 4,200,888",https://d7i54qaggkyj3.cloudfront.net/thumb/property/JPEG/KqaPwVgdIW.jpg,"room: 2, bathroom: 0, square: 1921"
"Business Bay, Dubai","AED 3,673,888",https://d7i54qaggkyj3.cloudfront.net/thumb/property/JPEG/wXDCdMlxjq.jpg,"room: 2, bathroom: 0, square: 1962"
not found,under contract,not found,"room: not found, bathroom: not found, square: not found"
"Business Bay, Dubai","AED 2,593,888",https://d7i54qaggkyj3.cloudfront.net/thumb/property/JPEG/jwvXUTgoiz.jpg,"room: 1, bathroom: 0, square: 1166"
"Business Bay, Dubai","AED 2,502,888",https://d7i54qaggkyj3.cloudfront.net/thumb/property/JPEG/ugEIqchwbG.jpg,"room: 1, bathroom: 0, square: 1125"
"Emaar Beachfront, Dubai","AED 2,048,888",https://d7i54qaggkyj3.cloudfront.net/thumb/property/JPEG/eMonTsmMWY.jpg,"room: 1, bathroom: 1, square: 718"
"Emaar Beachfront, Dubai","AED 3,121,888",https://d7i54qaggkyj3.cloudfront.net/thumb/property/JPEG/ugRASbRHzm.jpg,"room: 2, bathroom: 3, square: 1253"
"Emaar Beachfront, Dubai","AED 2,948,888",https://d7i54qaggkyj3.cloudfront.net/thumb/property/JPEG/FiAYFlmxws.jpg,"room: 2, bathroom: 3, square: 1254"
"Emaar Beachfront, Dubai","AED 2,993,888",https://d7i54qaggkyj3.cloudfront.net/thumb/property/JPEG/txtkQIzDCn.jpg,"room: 2, bathroom: 3, square: 1254"
"Emaar Beachfront, Dubai","AED 2,906,888",https://d7i54qaggkyj3.cloudfront.net/thumb/property/JPEG/GdrbhKeExu.jpg,"room: 2, bathroom: 3, square: 1254"
"Emaar Beachfront, Dubai","AED 2,907,888",https://d7i54qaggkyj3.cloudfront.net/thumb/property/JPEG/xChaHCcGRQ.jpg,"room: 2, bathroom: 3, square: 1254"
"Old Town, Dubai","AED 1,071,000",https://d7i54qaggkyj3.cloudfront.net/thumb/property/JPEG/JjaJDTaYtd.jpg,"room: 1, bathroom: 0, square: 1023"
"Emaar Beachfront, Dubai","AED 2,906,888",https://d7i54qaggkyj3.cloudfront.net/thumb/property/JPEG/hWRsqMbLve.jpg,"room: 2, bathroom: 3, square: 1254"
"Akoya Oxygen, Dubai","AED 871,000",https://d7i54qaggkyj3.cloudfront.net/thumb/property/JPEG/BdoBqGcqxG.jpg,"room: 4, bathroom: 0, square: 1782"
"Akoya Oxygen, Dubai","AED 876,000",https://d7i54qaggkyj3.cloudfront.net/thumb/property/JPEG/jsFOdXlXmN.jpg,"room: 3, bathroom: 0, square: 1707"
"Akoya Oxygen, Dubai","AED 2,194,000",https://d7i54qaggkyj3.cloudfront.net/thumb/property/JPEG/wyBPZACTZi.jpg,"room: 5, bathroom: 0, square: 2516"
"Akoya Oxygen, Dubai","AED 3,962,000",https://d7i54qaggkyj3.cloudfront.net/thumb/property/JPEG/VpvhPyvqMX.jpg,"room: 6, bathroom: 0, square: 4056"
"Akoya Oxygen, Dubai","AED 2,194,000",https://d7i54qaggkyj3.cloudfront.net/thumb/property/JPEG/AUJcMAvjhJ.jpg,"room: 5, bathroom: 0, square: 2516"
"Akoya Oxygen, Dubai","AED 4,009,000",https://d7i54qaggkyj3.cloudfront.net/thumb/property/JPEG/lFDFwGLOGi.jpg,"room: 6, bathroom: 0, square: 4056"
not found,under contract,not found,"room: not found, bathroom: not found, square: not found"
"Akoya Oxygen, Dubai","AED 2,144,000",https://d7i54qaggkyj3.cloudfront.net/thumb/property/JPEG/ReqQqrJwtY.jpg,"room: 5, bathroom: 0, square: 2516"
"Emaar Beachfront, Dubai","AED 3,021,888",https://d7i54qaggkyj3.cloudfront.net/thumb/property/JPEG/SYXpMasOyW.jpg,"room: 2, bathroom: 0, square: 1144"
"Emaar Beachfront, Dubai","AED 5,910,888",https://d7i54qaggkyj3.cloudfront.net/thumb/property/JPEG/pbMXsvwPvR.jpg,"room: 3, bathroom: 0, square: 1925"
"Emaar Beachfront, Dubai","AED 2,993,888",https://d7i54qaggkyj3.cloudfront.net/thumb/property/JPEG/vqMsxrwYjB.jpg,"room: 2, bathroom: 0, square: 1143"
"Emaar Beachfront, Dubai","AED 3,262,888",https://d7i54qaggkyj3.cloudfront.net/thumb/property/JPEG/RuINxqPWYg.jpg,"room: 2, bathroom: 2, square: 1147"
"Emaar Beachfront, Dubai","AED 2,931,888",https://d7i54qaggkyj3.cloudfront.net/thumb/property/JPEG/jBqlWiVhqN.jpg,"room: 2, bathroom: 2, square: 1179"
"Emaar Beachfront, Dubai","AED 2,988,888",https://d7i54qaggkyj3.cloudfront.net/thumb/property/JPEG/qKgwNKnGXn.jpg,"room: 2, bathroom: 2, square: 1179"
"Emaar Beachfront, Dubai","AED 2,020,888",https://d7i54qaggkyj3.cloudfront.net/thumb/property/JPEG/WqrycZezPZ.jpg,"room: 1, bathroom: 1, square: 718"
"Emaar Beachfront, Dubai","AED 2,020,888",https://d7i54qaggkyj3.cloudfront.net/thumb/property/JPEG/heaYcIpXpF.jpg,"room: 1, bathroom: 1, square: 718"
"Emaar Beachfront, Dubai","AED 2,020,888",https://d7i54qaggkyj3.cloudfront.net/thumb/property/JPEG/fGcmnhKnOu.jpg,"room: 1, bathroom: 1, square: 718"
"Emaar Beachfront, Dubai","AED 2,048,888",https://d7i54qaggkyj3.cloudfront.net/thumb/property/JPEG/eMonTsmMWY.jpg,"room: 1, bathroom: 1, square: 718"
"Emaar Beachfront, Dubai","AED 2,081,888",https://d7i54qaggkyj3.cloudfront.net/thumb/property/JPEG/XatPGXqcyo.jpg,"room: 1, bathroom: 1, square: 718"
"Emaar Beachfront, Dubai","AED 2,906,888",https://d7i54qaggkyj3.cloudfront.net/thumb/property/JPEG/GdrbhKeExu.jpg,"room: 2, bathroom: 3, square: 1254"
"Emaar Beachfront, Dubai","AED 2,906,888",https://d7i54qaggkyj3.cloudfront.net/thumb/property/JPEG/hWRsqMbLve.jpg,"room: 2, bathroom: 3, square: 1254"
"Emaar Beachfront, Dubai","AED 2,907,888",https://d7i54qaggkyj3.cloudfront.net/thumb/property/JPEG/xChaHCcGRQ.jpg,"room: 2, bathroom: 3, square: 1254"
"Emaar Beachfront, Dubai","AED 2,948,888",https://d7i54qaggkyj3.cloudfront.net/thumb/property/JPEG/FiAYFlmxws.jpg,"room: 2, bathroom: 3, square: 1254"
"Emaar Beachfront, Dubai","AED 2,993,888",https://d7i54qaggkyj3.cloudfront.net/thumb/property/JPEG/txtkQIzDCn.jpg,"room: 2, bathroom: 3, square: 1254"
"Akoya Oxygen, Dubai","AED 1,343,000",https://d7i54qaggkyj3.cloudfront.net/thumb/property/JPEG/yMtMZUrgQn.jpg,"room: 3, bathroom: 0, square: 1768"
"Akoya Oxygen, Dubai","AED 1,343,000",https://d7i54qaggkyj3.cloudfront.net/thumb/property/JPEG/TVltkzrYVH.jpg,"room: 3, bathroom: 0, square: 1768"
"Akoya Oxygen, Dubai","AED 1,464,000",https://d7i54qaggkyj3.cloudfront.net/thumb/property/JPEG/ZKVNgEDeHD.jpg,"room: 3, bathroom: 0, square: 1863"
"Dubai Production City, Dubai","AED 813,661",https://d7i54qaggkyj3.cloudfront.net/thumb/property/JPEG/uxDiDabtWJ.jpg,"room: 1, bathroom: 0, square: 775"
not found,under contract,not found,"room: not found, bathroom: not found, square: not found"
"Akoya Oxygen, Dubai","AED 1,307,000",https://d7i54qaggkyj3.cloudfront.net/thumb/property/JPEG/FIZgrkCSxP.jpg,"room: 3, bathroom: 0, square: 1883"
"Akoya Oxygen, Dubai","AED 1,307,000",https://d7i54qaggkyj3.cloudfront.net/thumb/property/JPEG/avVwhnlRvH.jpg,"room: 3, bathroom: 0, square: 1883"
not found,under contract,not found,"room: not found, bathroom: not found, square: not found"
not found,under contract,not found,"room: not found, bathroom: not found, square: not found"
"Akoya Oxygen, Dubai","AED 1,426,000",https://d7i54qaggkyj3.cloudfront.net/thumb/property/JPEG/YqoTFSZXMa.jpg,"room: 3, bathroom: 0, square: 1884"
"Akoya Oxygen, Dubai","AED 1,426,000",https://d7i54qaggkyj3.cloudfront.net/thumb/property/JPEG/DNdyEjXAFk.jpg,"room: 3, bathroom: 0, square: 1884"
"Akoya Oxygen, Dubai","AED 1,426,000",https://d7i54qaggkyj3.cloudfront.net/thumb/property/JPEG/maeyalhQNQ.jpg,"room: 3, bathroom: 0, square: 1883"
"Akoya Oxygen, Dubai","AED 2,255,000",https://d7i54qaggkyj3.cloudfront.net/thumb/property/JPEG/WJLIiMDEuB.jpg,"room: 5, bathroom: 0, square: 2633"
"Dubai Hills, Dubai","AED 5,326,888",https://d7i54qaggkyj3.cloudfront.net/thumb/property/JPEG/KoPLQUBmyd.jpg,"room: 5, bathroom: 0, square: 4109"
"Akoya Oxygen, Dubai","AED 2,255,000",https://d7i54qaggkyj3.cloudfront.net/thumb/property/JPEG/eSMTcWoRXp.jpg,"room: 5, bathroom: 0, square: 2633"
"Akoya Oxygen, Dubai","AED 2,255,000",https://d7i54qaggkyj3.cloudfront.net/thumb/property/JPEG/qDeuspeArJ.jpg,"room: 5, bathroom: 0, square: 2633"
"Emaar Beachfront, Dubai","AED 5,424,888",https://d7i54qaggkyj3.cloudfront.net/thumb/property/JPEG/cFpxgHCxDi.jpg,"room: 3, bathroom: 0, square: 1518"
"Emaar Beachfront, Dubai","AED 2,661,888",https://d7i54qaggkyj3.cloudfront.net/thumb/property/JPEG/VkYJaiukSJ.jpg,"room: 2, bathroom: 0, square: 1005"
"Emaar Beachfront, Dubai","AED 2,584,888",https://d7i54qaggkyj3.cloudfront.net/thumb/property/JPEG/MeakjFcKjR.jpg,"room: 2, bathroom: 0, square: 998"
"Emaar Beachfront, Dubai","AED 2,004,888",https://d7i54qaggkyj3.cloudfront.net/thumb/property/JPEG/citwHkdHBj.jpg,"room: 1, bathroom: 0, square: 672"
"Dubai Creek Harbour, Dubai","AED 2,720,888",https://d7i54qaggkyj3.cloudfront.net/thumb/property/JPEG/atBTXelGql.jpg,"room: 2, bathroom: 0, square: 1137"
"Dubai Creek Harbour, Dubai","AED 2,710,888",https://d7i54qaggkyj3.cloudfront.net/thumb/property/JPEG/yHTDpPDifz.jpg,"room: 2, bathroom: 0, square: 1137"
"Dubai Creek Harbour, Dubai","AED 2,703,888",https://d7i54qaggkyj3.cloudfront.net/thumb/property/JPEG/WnGIxrNvbD.jpg,"room: 2, bathroom: 0, square: 1137"
"Dubai Creek Harbour, Dubai","AED 2,648,888",https://d7i54qaggkyj3.cloudfront.net/thumb/property/JPEG/tRzaFOStck.jpg,"room: 2, bathroom: 0, square: 1121"
"Dubai Creek Harbour, Dubai","AED 1,738,888",https://d7i54qaggkyj3.cloudfront.net/thumb/property/JPEG/SSnUvqKTsw.jpg,"room: 1, bathroom: 0, square: 761"
"Creek Beach, Dubai","AED 2,776,888",https://d7i54qaggkyj3.cloudfront.net/thumb/property/JPEG/DvkWLfXnxt.jpg,"room: 2, bathroom: 2, square: 1184"
"Creek Beach, Dubai","AED 2,709,888",https://d7i54qaggkyj3.cloudfront.net/thumb/property/JPEG/ZAwdhJKoEC.jpg,"room: 2, bathroom: 2, square: 1170"
"Creek Beach, Dubai","AED 2,119,888",https://d7i54qaggkyj3.cloudfront.net/thumb/property/JPEG/qSlXJrtekw.jpg,"room: 2, bathroom: 2, square: 1210"
"Creek Beach, Dubai","AED 2,290,888",https://d7i54qaggkyj3.cloudfront.net/thumb/property/JPEG/qQnnbBVYMb.jpg,"room: 2, bathroom: 2, square: 1187"
"Creek Beach, Dubai","AED 2,346,888",https://d7i54qaggkyj3.cloudfront.net/thumb/property/JPEG/igKnttqdZQ.jpg,"room: 2, bathroom: 2, square: 1187"
"Creek Beach, Dubai","AED 2,156,888",https://d7i54qaggkyj3.cloudfront.net/thumb/property/JPEG/kuvBzrhVUY.jpg,"room: 2, bathroom: 2, square: 1228"
"Dubai Creek Harbour, Dubai","AED 1,583,888",https://d7i54qaggkyj3.cloudfront.net/thumb/property/JPEG/WXHNrzgnGC.jpg,"room: 2, bathroom: 0, square: 1102"
"Dubai Creek Harbour, Dubai","AED 3,368,888",https://d7i54qaggkyj3.cloudfront.net/thumb/property/JPEG/azudTLZXNJ.jpg,"room: 3, bathroom: 4, square: 1669"
"Dubai Creek Harbour, Dubai","AED 1,584,888",https://d7i54qaggkyj3.cloudfront.net/thumb/property/JPEG/ijUPQkrOgo.jpg,"room: 2, bathroom: 2, square: 1070"
"Dubai Creek Harbour, Dubai","AED 1,856,888",https://d7i54qaggkyj3.cloudfront.net/thumb/property/JPEG/MwuIWpgPCZ.jpg,"room: 2, bathroom: 2, square: 1091"
"Dubai Creek Harbour, Dubai","AED 1,840,888",https://d7i54qaggkyj3.cloudfront.net/thumb/property/JPEG/kKSGCmgDlB.jpg,"room: 2, bathroom: 2, square: 1073"
"Dubai Creek Harbour, Dubai","AED 3,318,888",https://d7i54qaggkyj3.cloudfront.net/thumb/property/JPEG/buYDjxeFYk.jpg,"room: 3, bathroom: 4, square: 1589"
"Dubai Creek Harbour, Dubai","AED 3,337,888",https://d7i54qaggkyj3.cloudfront.net/thumb/property/JPEG/1ATWyaWAg.jpeg,"room: 3, bathroom: 3, square: 1669"
"Creek Beach, Dubai","AED 2,410,888",https://d7i54qaggkyj3.cloudfront.net/thumb/property/JPEG/XSkEdDHYoe.jpg,"room: 3, bathroom: 4, square: 1526"
"Creek Beach, Dubai","AED 2,415,888",https://d7i54qaggkyj3.cloudfront.net/thumb/property/JPEG/IWJjgRMLHL.jpg,"room: 3, bathroom: 4, square: 1526"
"Creek Beach, Dubai","AED 2,422,888",https://d7i54qaggkyj3.cloudfront.net/thumb/property/JPEG/LAOuKonwcO.jpg,"room: 3, bathroom: 4, square: 1526"
"Creek Beach, Dubai","AED 2,352,888",https://d7i54qaggkyj3.cloudfront.net/thumb/property/JPEG/OnXONxsSeE.jpg,"room: 3, bathroom: 4, square: 1492"
"Creek Beach, Dubai","AED 2,357,888",https://d7i54qaggkyj3.cloudfront.net/thumb/property/JPEG/oprZPIedGO.jpg,"room: 3, bathroom: 4, square: 1492"
"Creek Beach, Dubai","AED 2,362,888",https://d7i54qaggkyj3.cloudfront.net/thumb/property/JPEG/vvfwaiDDfc.jpg,"room: 3, bathroom: 4, square: 1492"
"Dubai Hills, Dubai","AED 2,197,888",https://d7i54qaggkyj3.cloudfront.net/thumb/property/JPEG/TlRbNSfjEk.jpg,"room: 3, bathroom: 0, square: 1465"
"Dubai Hills, Dubai","AED 2,490,888",https://d7i54qaggkyj3.cloudfront.net/thumb/property/JPEG/VRomkeFJPf.jpg,"room: 3, bathroom: 0, square: 1975"
"Dubai Hills, Dubai","AED 2,075,888",https://d7i54qaggkyj3.cloudfront.net/thumb/property/JPEG/zxdQMcmXBK.jpg,"room: 2, bathroom: 0, square: 1357"
"Dubai Hills, Dubai","AED 2,064,888",https://d7i54qaggkyj3.cloudfront.net/thumb/property/JPEG/MNefAJCQsN.jpg,"room: 2, bathroom: 0, square: 1355"
"Town Square, Dubai","AED 620,888",https://d7i54qaggkyj3.cloudfront.net/thumb/property/JPEG/VMnoBBbGnC.jpg,"room: 1, bathroom: 0, square: 484"
"Serena, Dubai","AED 1,815,000",https://d7i54qaggkyj3.cloudfront.net/thumb/property/JPEG/FZKYGXnfbB.jpg,"room: 3, bathroom: 0, square: 1878"
"Serena, Dubai","AED 1,467,000",https://d7i54qaggkyj3.cloudfront.net/thumb/property/JPEG/mfFRdmoxUC.jpg,"room: 2, bathroom: 0, square: 1481"
"Serena, Dubai","AED 1,397,000",https://d7i54qaggkyj3.cloudfront.net/thumb/property/JPEG/FvwTgVdJcv.jpg,"room: 2, bathroom: 0, square: 1862"
"Serena, Dubai","AED 1,340,000",https://d7i54qaggkyj3.cloudfront.net/thumb/property/JPEG/LDKQuXSRzN.jpg,"room: 2, bathroom: 0, square: 1862"
"Serena, Dubai","AED 1,340,000",https://d7i54qaggkyj3.cloudfront.net/thumb/property/JPEG/uISREfPHGF.jpg,"room: 2, bathroom: 0, square: 1862"
"Serena, Dubai","AED 1,778,000",https://d7i54qaggkyj3.cloudfront.net/thumb/property/JPEG/PJwQGwkTYm.jpg,"room: 3, bathroom: 0, square: 2269"
"Town Square, Dubai","AED 1,515,888",https://d7i54qaggkyj3.cloudfront.net/thumb/property/JPEG/DzTuNLjToY.jpg,"room: 3, bathroom: 0, square: 1520"
"Town Square, Dubai","AED 1,543,888",https://d7i54qaggkyj3.cloudfront.net/thumb/property/JPEG/mMIHTPtgmX.jpg,"room: 3, bathroom: 0, square: 1451"
"Port De La Mer, Dubai","AED 3,516,000",https://d7i54qaggkyj3.cloudfront.net/thumb/property/JPEG/TVaayHYULA.jpg,"room: 3, bathroom: 4, square: 2007"
"Port De La Mer, Dubai","AED 3,892,000",https://d7i54qaggkyj3.cloudfront.net/thumb/property/JPEG/KNiBHpffhu.jpg,"room: 3, bathroom: 0, square: 2017"
"The Crescent, Dubai","AED 11,322,000",https://d7i54qaggkyj3.cloudfront.net/thumb/property/JPEG/MstiEjVVuD.jpg,"room: 2, bathroom: 0, square: 2593"
"The Crescent, Dubai","AED 7,308,000",https://d7i54qaggkyj3.cloudfront.net/thumb/property/JPEG/rjDNimGoUa.jpg,"room: 2, bathroom: 0, square: 1733"
"The Crescent, Dubai","AED 8,440,000",https://d7i54qaggkyj3.cloudfront.net/thumb/property/JPEG/ELQUYsosTm.jpg,"room: 2, bathroom: 0, square: 1953"
"The Crescent, Dubai","AED 7,200,000",https://d7i54qaggkyj3.cloudfront.net/thumb/property/JPEG/nhjSVvzFuE.jpg,"room: 2, bathroom: 0, square: 1686"
"The Crescent, Dubai","AED 7,940,000",https://d7i54qaggkyj3.cloudfront.net/thumb/property/JPEG/MDfFSMHKKB.jpg,"room: 2, bathroom: 0, square: 1787"
"The Crescent, Dubai","AED 20,664,888",https://d7i54qaggkyj3.cloudfront.net/thumb/property/JPEG/JmPkVcJlEo.jpg,"room: 4, bathroom: 0, square: 6500"
"The Crescent, Dubai","AED 26,084,888",https://d7i54qaggkyj3.cloudfront.net/thumb/property/JPEG/JxRmJFmnYS.jpg,"room: 4, bathroom: 0, square: 8819"
"The Crescent, Dubai","AED 8,337,000",https://d7i54qaggkyj3.cloudfront.net/thumb/property/JPEG/mfgdQrXJoB.jpg,"room: 2, bathroom: 0, square: 1942"
"Bluewaters Island, Dubai","AED 3,472,000",https://d7i54qaggkyj3.cloudfront.net/thumb/property/JPEG/bKCkkVYQmB.jpg,"room: 2, bathroom: 0, square: 1507"
"Business Bay, Dubai","AED 1,220,000",https://d7i54qaggkyj3.cloudfront.net/thumb/property/JPEG/PJerUEypdK.jpg,"room: 1, bathroom: 0, square: 629"
"Business Bay, Dubai","AED 1,220,000",https://d7i54qaggkyj3.cloudfront.net/thumb/property/JPEG/MYOgWdVBkR.jpg,"room: 1, bathroom: 0, square: 628"
"Bluewaters Island, Dubai","AED 3,044,000",https://d7i54qaggkyj3.cloudfront.net/thumb/property/JPEG/rRbHXUOoSe.jpg,"room: 2, bathroom: 0, square: 1487"
"The Crescent, Dubai","AED 7,527,000",https://d7i54qaggkyj3.cloudfront.net/thumb/property/JPEG/KpuXSaMsIl.jpg,"room: 2, bathroom: 0, square: 1685"
"The Crescent, Dubai","AED 11,322,000",https://d7i54qaggkyj3.cloudfront.net/thumb/property/JPEG/AeDnGVgLsJ.jpg,"room: 2, bathroom: 0, square: 2571"
"Town Square, Dubai","AED 1,598,888",https://d7i54qaggkyj3.cloudfront.net/thumb/property/JPEG/vIIPEFUtuz.jpg,"room: 5, bathroom: 0, square: 1451"
"Town Square, Dubai","AED 1,576,888",https://d7i54qaggkyj3.cloudfront.net/thumb/property/JPEG/ghRFIynuyA.jpg,"room: 3, bathroom: 0, square: 1628"
"Town Square, Dubai","AED 1,601,888",https://d7i54qaggkyj3.cloudfront.net/thumb/property/JPEG/pBkozBvUjJ.jpg,"room: 3, bathroom: 0, square: 1501"
"The Crescent, Dubai","AED 11,425,000",https://d7i54qaggkyj3.cloudfront.net/thumb/property/JPEG/MReltPuBPN.jpg,"room: 2, bathroom: 0, square: 2520"
"Dubai Marina, Dubai","AED 1,964,888",https://d7i54qaggkyj3.cloudfront.net/thumb/property/JPEG/MPGFAHHBcC.jpg,"room: 1, bathroom: 0, square: 892"
"Downtown Dubai, Dubai","AED 1,700,888",https://d7i54qaggkyj3.cloudfront.net/thumb/property/JPEG/AsfSSrmROe.jpg,"room: 1, bathroom: 1, square: 657"
"Dubai Hills, Dubai","AED 3,478,888",https://d7i54qaggkyj3.cloudfront.net/thumb/property/JPEG/tngQffGdva.jpg,"room: 3, bathroom: 0, square: 2175"
"Dubai Hills, Dubai","AED 783,888",https://d7i54qaggkyj3.cloudfront.net/thumb/property/JPEG/mIOJMneNaY.jpg,"room: 1, bathroom: 1, square: 486"
"Dubai Hills, Dubai","AED 787,888",https://d7i54qaggkyj3.cloudfront.net/thumb/property/JPEG/pkFuOtbVkj.jpg,"room: 1, bathroom: 1, square: 486"
"Dubai Hills, Dubai","AED 774,888",https://d7i54qaggkyj3.cloudfront.net/thumb/property/JPEG/RPcampNZsl.jpg,"room: 1, bathroom: 1, square: 482"
"Dubai Hills, Dubai","AED 1,127,888",https://d7i54qaggkyj3.cloudfront.net/thumb/property/JPEG/oEJsAdhtIf.jpg,"room: 2, bathroom: 0, square: 742"
"Dubai Hills, Dubai","AED 1,102,888",https://d7i54qaggkyj3.cloudfront.net/thumb/property/JPEG/GCfPumQfkn.jpg,"room: 2, bathroom: 0, square: 725"
"Dubai Hills, Dubai","AED 1,099,888",https://d7i54qaggkyj3.cloudfront.net/thumb/property/JPEG/pfsFbVcKAW.jpg,"room: 2, bathroom: 0, square: 723"
"Dubai Hills, Dubai","AED 1,127,888",https://d7i54qaggkyj3.cloudfront.net/thumb/property/JPEG/tVZeYdKHvs.jpg,"room: 2, bathroom: 0, square: 742"
"Dubai Hills, Dubai","AED 1,082,888",https://d7i54qaggkyj3.cloudfront.net/thumb/property/JPEG/zrIYInqQyj.jpg,"room: 2, bathroom: 0, square: 727"
"Dubai Hills, Dubai","AED 1,198,888",https://d7i54qaggkyj3.cloudfront.net/thumb/property/JPEG/uLJSlpgNnu.jpg,"room: 2, bathroom: 0, square: 939"
"Dubai Hills, Dubai","AED 1,097,888",https://d7i54qaggkyj3.cloudfront.net/thumb/property/JPEG/OlXwwqkUkc.jpg,"room: 2, bathroom: 0, square: 725"
"Madinat Jumeirah Living, Dubai","AED 5,404,000",https://d7i54qaggkyj3.cloudfront.net/thumb/property/JPEG/Jn0a5M-dW.jpeg,"room: 4, bathroom: 5, square: 3052"
"Nad Al Sheba 1, Dubai","AED 17,919,096",https://d7i54qaggkyj3.cloudfront.net/thumb/property/JPEG/vTIrhxYvgT.jpg,"room: 5, bathroom: 0, square: 8932"
"Nad Al Sheba 1, Dubai","AED 16,868,634",https://d7i54qaggkyj3.cloudfront.net/thumb/property/JPEG/quTQUMMuvW.jpg,"room: 5, bathroom: 0, square: 8409"
"Nad Al Sheba 1, Dubai","AED 17,919,096",https://d7i54qaggkyj3.cloudfront.net/thumb/property/JPEG/pcOluAMYhq.jpg,"room: 5, bathroom: 0, square: 8932"
"Nad Al Sheba 1, Dubai","AED 16,868,634",https://d7i54qaggkyj3.cloudfront.net/thumb/property/JPEG/KWXzsuffIU.jpg,"room: 5, bathroom: 0, square: 8409"
"Nad Al Sheba 1, Dubai","AED 17,919,097",https://d7i54qaggkyj3.cloudfront.net/thumb/property/JPEG/ojjZKjiqBq.jpg,"room: 5, bathroom: 0, square: 8933"
"Town Square, Dubai","AED 1,630,888",https://d7i54qaggkyj3.cloudfront.net/thumb/property/JPEG/HCcmYyfqmS.jpg,"room: 7, bathroom: 0, square: 1397"
"The Crescent, Dubai","AED 1,935,000",https://d7i54qaggkyj3.cloudfront.net/thumb/property/JPEG/IUOybxZBkC.jpg,"room: 1, bathroom: 0, square: 838"
"The Crescent, Dubai","AED 20,107,888",https://d7i54qaggkyj3.cloudfront.net/thumb/property/JPEG/HmKGewNHrL.jpg,"room: 4, bathroom: 0, square: 8114"
"The Crescent, Dubai","AED 17,299,888",https://d7i54qaggkyj3.cloudfront.net/thumb/property/JPEG/PvdJSdpnYM.jpg,"room: 4, bathroom: 0, square: 5538"
"Business Bay, Dubai","AED 2,200,464",https://d7i54qaggkyj3.cloudfront.net/thumb/property/JPEG/gAmlwVHZhh.jpg,"room: 2, bathroom: 0, square: 1415"
